date,govt12m,govt24m,govt36m,govt48m,govt60m,govt72m,govt84m,govt96m,govt108m,govt120m,cpi,ppi,pcom,employ,unempl,ip,infl10y,ffer
1982-01-01,13.7712,14.0234,14.0074,13.9609,13.9347,13.9316,13.9443,13.966,13.9913,14.0168,7.9337,6.3663,-29.2389,-0.5154,15.21130991,-4.3065,6.1976,13.22
1982-02-01,14.247,14.1443,14.008,13.908,13.8469,13.8144,13.8001,13.7966,13.799,13.8036,7.3377,5.4067,-31.5251,-0.5967,18.68449093,-1.8682,6.0792,14.78
1982-03-01,13.4755,13.5185,13.4616,13.3903,13.3272,13.2761,13.2357,13.2035,13.177,13.1543,6.6582,4.2384,-34.7151,-0.8544,21.48405724,-3.0529,5.6481,14.68
1982-04-01,13.6161,13.63,13.5406,13.4366,13.3427,13.2634,13.1978,13.1431,13.0969,13.0568,6.4118,3.3902,-29.9061,-1.249,26.37611788,-3.5496,5.7132,14.94
1982-05-01,13.0468,13.2047,13.1853,13.129,13.0745,13.0301,12.9958,12.9692,12.948,12.9301,6.6835,3.0772,-30.2556,-1.3109,23.4577808,-4.7897,5.69,14.45
1982-06-01,13.6094,13.8119,13.806,13.7547,13.7031,13.6613,13.6294,13.6051,13.586,13.5699,6.9361,3.3625,-23.6359,-1.7921,26.33706542,-5.5729,5.6024,14.15
1982-07-01,13.0618,13.3823,13.4439,13.4305,13.3992,13.3675,13.34,13.3169,13.2972,13.2797,6.3513,3.5555,-27.5423,-2.2969,32.19046968,-6.5564,5.916,12.59
1982-08-01,11.3623,12.0799,12.293,12.3657,12.4022,12.4315,12.4601,12.4886,12.5158,12.5404,5.7941,3.8505,-21.7322,-2.4342,30.3086702,-7.3468,5.6967,10.12
1982-09-01,10.8603,11.6093,11.7794,11.8078,11.8126,11.822,11.839,11.8612,11.8854,11.9092,4.8227,3.5375,-24.0613,-2.5397,30.964447,-7.1152,5.7332,10.31
1982-10-01,9.4942,10.1951,10.4923,10.6382,10.7226,10.7795,10.8222,10.8565,10.8847,10.9079,4.9096,3.4243,-21.201,-2.7436,28.7768814,-7.3107,5.3411,9.71
1982-11-01,9.1614,9.768,10.0792,10.2529,10.3582,10.4273,10.476,10.5122,10.54,10.5614,4.3803,3.5127,-12.644,-2.6508,27.92849704,-6.4557,4.7173,9.2
1982-12-01,8.9143,9.5689,10.0052,10.269,10.4207,10.5048,10.5492,10.5707,10.5785,10.5779,3.7544,3.4986,-8.6697,-2.3645,26.26879414,-6.0794,4.8624,8.95
1983-01-01,8.6524,9.2712,9.7173,10.016,10.2136,10.3466,10.4387,10.5047,10.5531,10.5891,3.6405,2.1011,-3.3779,-1.7544,20.49087058,-2.1727,4.7175,8.68
1983-02-01,8.9303,9.5466,9.9742,10.2535,10.4347,10.5542,10.6355,10.6926,10.7337,10.7635,3.4253,2.3013,-5.5742,-1.8342,17.36112262,-4.8121,4.8609,8.51
1983-03-01,8.9249,9.4521,9.823,10.0684,10.2299,10.3383,10.4136,10.4676,10.5074,10.537,3.5273,2.2023,2.5797,-1.4973,14.22852846,-3.3039,4.61,8.77
1983-04-01,8.9153,9.3949,9.747,9.9847,10.1429,10.2501,10.3249,10.3789,10.4189,10.4488,3.9221,2.099,2.1855,-0.8757,9.527468168,-1.1412,4.738,8.8
1983-05-01,8.7629,9.2725,9.655,9.9178,10.0958,10.2185,10.3057,10.3697,10.418,10.4547,3.3832,2.3953,7.2546,-0.5152,7.626198483,0.1556,4.5384,8.63
1983-06-01,9.4525,9.9235,10.2547,10.468,10.6019,10.6865,10.7409,10.7766,10.8004,10.816,2.4441,1.7875,8.5715,0.1734,6.502473808,1.0178,4.7209,8.98
1983-07-01,9.8899,10.4314,10.7575,10.957,11.0828,11.1657,11.2227,11.2636,11.2937,11.3159,2.3316,1.3875,15.0255,1.018,-2.813664135,2.8351,4.8681,9.37
1983-08-01,10.2606,10.8022,11.113,11.3044,11.4307,11.5194,11.5854,11.6364,11.6767,11.7087,2.4268,1.284,21.178,0.8535,-2.399668717,4.9301,5.0179,9.56
1983-09-01,9.9206,10.5266,10.9042,11.1391,11.2882,11.3863,11.4534,11.501,11.5357,11.561,2.7261,1.4786,20.4915,2.288,-8.703569103,6.618,5.108,9.45
1983-10-01,9.5925,10.2587,10.6798,10.9472,11.1213,11.2392,11.3224,11.3834,11.4292,11.4641,2.7151,1.1811,12.1468,2.8967,-15.36448373,8.3672,4.9742,9.48
1983-11-01,9.6529,10.3332,10.7806,11.065,11.2462,11.3644,11.4439,11.4991,11.5384,11.5664,3.1143,0.59,10.2496,3.42,-22.85400598,9.1272,5.0694,9.34
1983-12-01,9.9105,10.5196,10.9316,11.1968,11.3666,11.4775,11.5521,11.6039,11.6405,11.6666,3.7172,0.49,10.9949,3.8225,-25.58054538,10.344,5.0894,9.47
1984-01-01,9.7663,10.3737,10.7869,11.0538,11.2251,11.3372,11.4127,11.4651,11.5024,11.5289,4.2006,1.9608,-1.2629,4.0553,-24.71861238,10.4662,5.0641,9.56
1984-02-01,9.8415,10.4545,10.8823,11.1597,11.3369,11.4515,11.5274,11.579,11.6148,11.6397,4.587,2.2495,8.2106,4.6583,-27.25239719,11.5504,5.0342,9.59
1984-03-01,10.366,10.9421,11.3614,11.6397,11.8203,11.9386,12.0177,12.0721,12.1103,12.137,4.777,2.7345,5.5497,4.7555,-26.57184107,11.1848,5.1737,9.91
1984-04-01,10.6959,11.2884,11.7017,11.9693,12.1395,12.2485,12.32,12.3679,12.4005,12.4225,4.454,2.7319,1.6848,4.8362,-25.15426606,10.5311,5.3138,10.29
1984-05-01,11.3507,12.0315,12.4465,12.6993,12.8559,12.9558,13.0218,13.0667,13.0979,13.1193,4.2434,2.3393,3.682,4.8491,-27.69219294,10.442,5.4463,10.32
1984-06-01,11.7785,12.4896,12.8037,12.9622,13.0542,13.1149,13.1591,13.1933,13.2204,13.2417,4.235,2.1422,1.5737,4.8335,-31.27126401,10.1937,5.7351,11.06
1984-07-01,11.7953,12.4375,12.6909,12.8118,12.8846,12.9378,12.9814,13.0187,13.0508,13.078,4.2184,2.3347,-14.4505,4.7,-21.15266105,8.9988,5.7354,11.23
1984-08-01,11.536,11.9982,12.1846,12.2683,12.3117,12.3381,12.3568,12.3712,12.3825,12.3911,4.206,1.8474,-17.6263,5.2972,-22.07224987,7.9302,5.427,11.64
1984-09-01,11.3948,11.849,12.0626,12.1576,12.1937,12.2009,12.1942,12.1812,12.1651,12.1476,4.1937,1.5534,-16.6873,4.3921,-20.60993963,6.2205,5.4416,11.3
1984-10-01,10.7907,11.3282,11.596,11.7288,11.7929,11.8218,11.8325,11.8336,11.8294,11.8219,4.1774,1.3606,-11.0847,4.3919,-16.52535238,5.3928,5.2148,9.99
1984-11-01,9.7649,10.4265,10.7957,11.0123,11.1464,11.2342,11.295,11.339,11.3717,11.3962,4.0703,1.9418,-14.5171,4.3732,-14.72963078,5.2852,5.016,9.43
1984-12-01,9.2671,10.0405,10.5255,10.8306,11.0273,11.1588,11.2503,11.3163,11.3654,11.4022,3.9638,1.6481,-19.3414,4.1177,-11.01230262,4.8291,5.0342,8.38
1985-01-01,8.9766,9.8462,10.3756,10.7061,10.9202,11.0652,11.1678,11.2433,11.3005,11.3444,3.4652,0.9662,-13.7545,3.9139,-6.714701206,2.8206,5.1143,8.35
1985-02-01,9.2328,9.9805,10.502,10.839,11.0526,11.1888,11.2774,11.3363,11.3762,11.4031,3.5427,0.6747,-20.1082,3.5288,-5.494603095,2.6617,5.0421,8.5
1985-03-01,9.796,10.5032,10.9584,11.2447,11.4263,11.5444,11.6237,11.6788,11.718,11.7459,3.72,0.2886,-15.6268,3.5879,-4.765314789,2.3261,5.2626,8.58
1985-04-01,9.1497,9.9352,10.4291,10.7483,10.963,11.1141,11.2252,11.31,11.3762,11.4287,3.5191,0.6715,-16.0547,3.4023,-4.278789886,1.5379,5.0198,8.27
1985-05-01,8.4742,9.2464,9.7376,10.0691,10.3059,10.4837,10.6227,10.7346,10.8263,10.9022,3.5125,1.0542,-20.2114,3.3586,-1.837979894,1.1515,4.9843,7.97
1985-06-01,7.806,8.5671,9.1119,9.4815,9.7322,9.9062,10.031,10.1237,10.1943,10.249,3.5989,0.7678,-17.7534,3.1054,2.804930381,0.748,4.5913,7.53
1985-07-01,7.869,8.6478,9.2131,9.5997,9.8632,10.047,10.1793,10.2777,10.3529,10.4113,3.3998,0.6708,-8.0014,2.9716,-0.281525113,-0.0483,4.5623,7.88
1985-08-01,8.0126,8.8099,9.345,9.6999,9.9397,10.1074,10.2293,10.3211,10.392,10.4477,3.2975,0.6721,-11.4963,2.912,-3.865273268,0.1631,4.7153,7.9
1985-09-01,8.0209,8.8174,9.3378,9.6856,9.927,10.102,10.2341,10.3372,10.4196,10.4863,3.1958,0,-7.4063,2.7935,-1.43246506,0.8105,4.6239,7.92
1985-10-01,8.0187,8.7371,9.2315,9.5716,9.8119,9.9881,10.1221,10.2273,10.3116,10.3802,3.1838,1.247,-3.1191,2.6866,-0.995271721,0.5094,4.6152,7.99
1985-11-01,7.8512,8.4241,8.8352,9.1328,9.3547,9.5261,9.6626,9.774,9.8663,9.9433,3.4534,1.432,-0.8371,2.5317,-0.857533125,0.518,4.4988,8.05
1985-12-01,7.6647,8.0703,8.3819,8.6294,8.8315,9.0002,9.1432,9.2656,9.3709,9.4614,3.7214,1.9048,3.2282,2.57,-2.667471445,1.4534,4.3655,8.27
1986-01-01,7.721,8.0917,8.371,8.593,8.7758,8.9299,9.0616,9.175,9.2731,9.3576,3.8966,1.432,-4.1011,2.4193,-7.748355682,2.0274,4.1388,8.14
1986-02-01,7.6021,7.8823,8.0891,8.2591,8.4056,8.534,8.6473,8.7471,8.8348,8.9114,3.1484,0,-7.7697,2.3999,0.968733283,1.0332,4.1182,7.86
1986-03-01,7.038,7.2387,7.3795,7.4942,7.5943,7.6835,7.7634,7.8349,7.8984,7.9542,2.1307,-1.2567,-16.6442,2.1372,0.526254055,0.1986,3.7368,7.48
1986-04-01,6.509,6.7828,6.9723,7.1069,7.2069,7.2848,7.3479,7.4004,7.4448,7.4822,1.5763,-2.2234,-9.3634,2.1239,-0.369950896,0.5098,3.5537,6.99
1986-05-01,6.6913,7.1585,7.44,7.6138,7.7258,7.8018,7.8563,7.8972,7.9289,7.9538,1.6652,-2.0222,-11.0905,1.9699,1.636736854,0.5579,3.6077,6.85
1986-06-01,6.8109,7.2806,7.5624,7.7411,7.8616,7.9481,8.0137,8.0654,8.1073,8.1415,1.752,-1.4444,-13.3093,1.7253,0.565772372,0.2116,3.9273,6.92
1986-07-01,6.3417,6.751,7.0214,7.2108,7.3513,7.4607,7.5494,7.6231,7.6852,7.7376,1.6575,-2.3189,-13.0866,1.8517,-2.30523516,1.3384,3.6712,6.56
1986-08-01,5.964,6.3523,6.6363,6.8557,7.0323,7.1788,7.3028,7.4091,7.5006,7.5795,1.5633,-1.7375,-7.4294,1.7708,-0.747048971,0.839,3.6325,6.17
1986-09-01,5.8227,6.3469,6.7114,6.9863,7.2053,7.3859,7.5382,7.6682,7.7801,7.8764,1.7424,-0.8708,-6.4568,1.9083,0.748886215,0.7482,3.4359,5.89
1986-10-01,5.7892,6.2435,6.5948,6.878,7.1129,7.3114,7.4812,7.6276,7.7542,7.8638,1.5547,-1.3436,-10.0977,1.9037,-0.665016658,1.5153,3.6344,5.85
1986-11-01,5.8217,6.1984,6.4975,6.7456,6.9563,7.1376,7.2949,7.4318,7.5511,7.6549,1.2762,-2.0106,-10.9461,1.8768,0.380672161,1.5707,3.5556,6.04
1986-12-01,5.9346,6.207,6.419,6.6099,6.7867,6.9494,7.0974,7.2306,7.3494,7.4544,1.1802,-2.2902,-9.4428,1.9085,-3.18359075,1.528,3.4801,6.91
1987-01-01,5.9054,6.1836,6.4008,6.5916,6.7641,6.9203,7.0608,7.1864,7.2978,7.396,1.3556,-1.3359,-0.6652,1.9518,1.236708565,0.6271,3.5241,6.43
1987-02-01,6.0978,6.3362,6.5315,6.709,6.8727,7.0225,7.1583,7.2802,7.3886,7.4844,1.8962,0.2878,1.9312,2.0745,-6.604723624,2.6316,3.5218,6.1
1987-03-01,6.1133,6.3551,6.5413,6.7068,6.8589,6.9984,7.1252,7.2392,7.3409,7.4308,2.8018,1.6402,8.4532,2.229,-6.416481866,3.475,3.3856,6.13
1987-04-01,6.5832,6.9898,7.2487,7.4459,7.6103,7.7526,7.8774,7.9874,8.0839,8.1683,3.6138,2.7003,10.6057,2.3708,-10.34493827,4.013,3.6251,6.37
1987-05-01,7.1435,7.678,7.9505,8.1281,8.2651,8.3803,8.4805,8.5687,8.6462,8.714,3.604,2.3078,15.6622,2.4681,-10.81424887,4.4345,3.9809,6.85
1987-06-01,6.9704,7.4506,7.7158,7.8987,8.0434,8.1659,8.2724,8.366,8.4481,8.5197,3.6792,2.3012,19.9264,2.7308,-13.97972039,5.3666,3.905,6.73
1987-07-01,6.7583,7.266,7.5962,7.8345,8.0193,8.1693,8.2946,8.4012,8.4924,8.5706,3.8518,3.2695,21.0427,2.7505,-13.50609048,5.4297,3.9671,6.58
1987-08-01,6.9821,7.5301,7.875,8.1167,8.2998,8.4459,8.5667,8.6684,8.755,8.8289,4.1989,3.0683,11.4742,2.804,-11.36581803,6.3478,4.0511,6.73
1987-09-01,7.6477,8.1916,8.5063,8.7274,8.9021,9.0486,9.1747,9.2843,9.3797,9.4626,4.184,3.1566,10.2647,2.6786,-15.70831743,6.4537,4.149,7.22
1987-10-01,7.7543,8.3426,8.7022,8.9405,9.1101,9.2378,9.3386,9.4204,9.4882,9.5445,4.2635,2.3867,10.7455,2.9688,-13.1540343,7.3728,4.2518,7.29
1987-11-01,7.042,7.621,7.9945,8.2515,8.4388,8.5822,8.6962,8.7895,8.8671,8.9321,4.4294,2.4834,13.2205,3.0089,-14.82239219,7.4663,4.1748,6.69
1987-12-01,7.2372,7.7409,8.0654,8.3068,8.5005,8.6623,8.8003,8.9192,9.0221,9.111,4.2409,2.1013,9.0507,3.0879,-12.79833026,7.0759,4.2591,6.77
1988-01-01,7.082,7.5117,7.7781,7.9899,8.1761,8.344,8.4953,8.6308,8.7514,8.8577,4.0463,2.1854,7.2337,3.0086,-12.6676367,7.4267,4.2204,6.83
1988-02-01,6.6942,7.0655,7.2969,7.4972,7.6876,7.8684,8.0367,8.1907,8.3295,8.4532,3.8601,1.8036,9.8938,3.2128,-12.67070339,6.6093,3.8473,6.58
1988-03-01,6.7532,7.1579,7.4132,7.6292,7.8297,8.017,8.1896,8.3463,8.487,8.612,3.7608,1.9896,8.5921,3.2339,-13.40039395,6.6967,3.811,6.58
1988-04-01,7.0025,7.4577,7.7323,7.9548,8.1565,8.3425,8.5129,8.6671,8.8052,8.9276,3.9152,1.7917,4.5345,3.1356,-13.32662461,6.6274,4.0199,6.87
1988-05-01,7.3909,7.8712,8.1276,8.3287,8.5138,8.6885,8.8512,9.0004,9.1351,9.2553,3.9051,1.8833,6.5357,3.1296,-11.0891731,5.8145,4.0554,7.09
1988-06-01,7.5057,7.9002,8.1074,8.2689,8.4171,8.5569,8.6874,8.8071,8.9154,9.0119,3.8882,1.878,9.4134,3.3068,-12.23555173,5.562,4.1291,7.51
1988-07-01,7.7505,8.1059,8.275,8.4126,8.5495,8.6864,8.8189,8.9432,9.0571,9.1598,4.047,2.5223,3.0557,3.1793,-9.565421256,4.8991,4.0784,7.75
1988-08-01,8.155,8.4605,8.5914,8.6962,8.8042,8.9157,9.0257,9.1303,9.2271,9.3147,4.0297,2.7016,6.0645,3.1277,-5.929132843,4.6544,4.0872,8.01
1988-09-01,8.094,8.309,8.4103,8.4972,8.5877,8.6805,8.7718,8.8584,8.9382,9.0103,4.0996,2.6024,-0.7548,3.2266,-7.270090846,3.9452,4.1697,8.19
1988-10-01,8.0426,8.1903,8.255,8.324,8.4073,8.4988,8.5918,8.6815,8.7652,8.8413,4.1726,2.9742,0.2206,2.9972,-9.561464015,3.0533,4.0497,8.3
1988-11-01,8.382,8.4923,8.5413,8.5903,8.6476,8.71,8.7734,8.8348,8.8919,8.9438,4.1584,3.3398,0.5008,3.0909,-7.341934594,2.811,4.0008,8.35
1988-12-01,8.8501,8.901,8.9066,8.9117,8.923,8.9396,8.9593,8.9802,9.0006,9.0194,4.3172,3.893,8.674,3.0749,-6.215765906,2.7218,4.1229,8.76
1989-01-01,8.93,8.9781,8.983,8.9794,8.9762,8.9755,8.9772,8.9806,8.9846,8.9885,4.3852,4.3225,6.1078,3.2319,-3.975587718,3.0375,4.2885,9.12
1989-02-01,9.1359,9.1626,9.1381,9.1088,9.0854,9.0692,9.0587,9.0525,9.0488,9.0463,4.5424,5.134,10.1962,3.0365,-8.584437036,2.1,4.1899,9.36
1989-03-01,9.5343,9.5146,9.4515,9.3869,9.3307,9.2845,9.2471,9.2169,9.1919,9.1705,4.7768,5.209,9.8916,2.9534,-10.26816689,2.1172,4.3289,9.85
1989-04-01,9.3149,9.2838,9.2302,9.1797,9.1374,9.1034,9.0766,9.0554,9.0383,9.0237,4.9115,5.5444,8.462,2.8789,-2.035421099,1.5071,4.2662,9.84
1989-05-01,8.9196,8.8507,8.8067,8.7809,8.767,8.7608,8.7597,8.7616,8.7649,8.7685,5.1421,6.1502,1.5131,2.7727,-6.14455074,1.1404,4.0993,9.81
1989-06-01,8.416,8.2613,8.2186,8.2108,8.2136,8.2198,8.2272,8.235,8.2424,8.2488,5.0403,5.8708,0.2934,2.5321,0.472453824,0.8494,3.9602,9.53
1989-07-01,7.8766,7.7136,7.7036,7.7417,7.7928,7.845,7.8945,7.94,7.981,8.0171,4.9393,4.8614,1.9386,2.3585,-1.679428785,-0.1261,3.7419,9.24
1989-08-01,8.1198,8.0084,7.9744,7.9718,7.9823,7.9984,8.0168,8.0357,8.0539,8.0704,4.5182,4.141,4.6368,2.2883,-4.973317772,0.3406,3.5785,8.99
1989-09-01,8.1764,8.0993,8.0855,8.0908,8.1011,8.1127,8.1244,8.1358,8.1463,8.1555,4.3396,4.4851,12.7759,2.198,-0.212217754,0.325,3.7975,9.02
1989-10-01,7.9754,7.8621,7.8673,7.8975,7.9276,7.9529,7.9739,7.9914,8.006,8.0179,4.4851,4.8267,10.3492,2.0489,0.939543205,-0.2423,3.8262,8.84
1989-11-01,7.7366,7.6573,7.6786,7.7173,7.7533,7.7834,7.8085,7.8297,7.8476,7.8625,4.5499,4.6354,10.06,1.9827,2.835358086,-0.155,3.6878,8.55
1989-12-01,7.7283,7.654,7.6713,7.7034,7.7321,7.7552,7.774,7.7895,7.8024,7.8128,4.5352,4.879,7.6439,1.7967,2.260240322,-0.0561,3.6633,8.45
1990-01-01,7.9048,7.9369,7.9893,8.0335,8.0671,8.0931,8.1139,8.1311,8.1456,8.1574,5.0674,5.7708,8.8264,1.8748,1.042141336,-0.864,3.7908,8.23
1990-02-01,8.082,8.2002,8.28,8.3294,8.36,8.3799,8.394,8.4046,8.4128,8.4188,5.1293,4.9683,8.2349,1.8492,4.489608702,0.4889,3.9721,8.24
1990-03-01,8.2785,8.4223,8.4909,8.5198,8.5293,8.5298,8.5268,8.5225,8.5178,8.5126,5.1048,4.5264,5.3262,1.8559,6.141115415,0.7187,3.9573,8.28
1990-04-01,8.3241,8.533,8.6198,8.656,8.6713,8.6782,8.682,8.6844,8.6862,8.6871,4.604,3.7315,4.3829,1.7291,4.961439665,0.5101,3.9574,8.26
1990-05-01,8.2475,8.446,8.5429,8.5938,8.6234,8.6431,8.6579,8.6699,8.6798,8.6877,4.2728,3.024,5.3462,1.7645,5.597252577,1.3725,4.1367,8.18
1990-06-01,8.0157,8.1762,8.2672,8.3215,8.3568,8.3823,8.4023,8.4189,8.4329,8.4444,4.5677,3.1091,2.2946,1.6798,0.19746342,1.7078,3.9543,8.29
1990-07-01,7.8877,8.0251,8.1283,8.2061,8.2672,8.3172,8.3596,8.3961,8.4277,8.4547,4.7068,3.5394,9.5094,1.6091,6.367209509,2.5083,3.8638,8.15
1990-08-01,7.7547,7.9469,8.1138,8.2539,8.3721,8.4731,8.5604,8.6362,8.702,8.7589,5.5461,4.9881,15.9376,1.3687,9.891991467,1.8965,3.8257,8.13
1990-09-01,7.7742,7.9822,8.1681,8.3301,8.4708,8.5933,8.7004,8.7942,8.876,8.9471,5.987,5.711,25.7791,1.0565,11.15929504,2.2707,4.0734,8.2
1990-10-01,7.5887,7.7914,7.9712,8.1299,8.2698,8.3932,8.5019,8.5976,8.6816,8.7548,6.1844,6.1753,20.6959,0.8244,11.78165528,1.7682,3.9926,8.11
1990-11-01,7.3217,7.5085,7.6748,7.8231,7.9551,8.0725,8.1767,8.2689,8.3501,8.421,6.0111,6.5736,13.5325,0.4294,14.36657398,0.1782,3.9799,7.81
1990-12-01,7.0862,7.2699,7.4331,7.5775,7.7051,7.8179,7.9177,8.0058,8.0833,8.151,6.0671,5.4751,9.7592,0.3046,16.98193501,-1.0865,3.8566,7.31
1991-01-01,6.7666,7.0737,7.3193,7.5194,7.6857,7.8263,7.9468,8.0508,8.1408,8.2185,5.4934,4.0788,2.0285,-0.1265,17.14760288,-0.8977,3.8046,6.91
1991-02-01,6.4015,6.7676,7.0497,7.2715,7.4506,7.5987,7.7236,7.8301,7.9217,8.0003,5.1762,3.5091,2.1494,-0.6426,21.7262512,-2.5373,3.7259,6.25
1991-03-01,6.5049,6.9943,7.3388,7.5836,7.7632,7.9002,8.0085,8.0965,8.1693,8.2299,4.7085,3.1828,2.0732,-0.9789,26.3366397,-3.5829,3.8682,6.12
1991-04-01,6.3345,6.865,7.225,7.4807,7.671,7.819,7.9381,8.0364,8.1188,8.1881,4.6978,3.268,2.1931,-1.21,21.63824798,-3.0841,3.7656,5.91
1991-05-01,6.1742,6.751,7.1511,7.4416,7.6622,7.8364,7.9781,8.0958,8.195,8.279,4.9122,3.4299,2.6823,-1.4527,25.90958022,-2.3951,3.7828,5.78
1991-06-01,6.3986,7,7.3983,7.6787,7.8871,8.0492,8.1799,8.2878,8.3782,8.4545,4.589,3.1802,0.6155,-1.3924,27.68497139,-1.9194,3.8653,5.9
1991-07-01,6.3011,6.9089,7.3429,7.6488,7.8688,8.0325,8.1589,8.2593,8.3408,8.4078,4.2751,2.678,0.9953,-1.4048,21.54282246,-1.4902,3.8907,5.82
1991-08-01,5.8438,6.3692,6.8017,7.1385,7.401,7.6096,7.7791,7.9194,8.037,8.1364,3.729,1.7464,-7.8431,-1.2005,18.69943544,-1.8299,3.8552,5.66
1991-09-01,5.6441,6.1466,6.5661,6.8974,7.1591,7.3695,7.5419,7.6858,7.807,7.9099,3.3398,0.6606,-19.3598,-1.0897,16.87022705,-1.0382,3.6904,5.45
1991-10-01,5.3909,5.8775,6.2906,6.6303,6.9102,7.1435,7.3405,7.5083,7.6523,7.7761,2.8088,0,-12.8626,-0.9296,17.00917384,-0.5189,3.5899,5.21
1991-11-01,5.0139,5.5429,6.0056,6.3961,6.7243,7.0019,7.2386,7.4418,7.6169,7.7681,3.0205,-0.1633,-10.2516,-0.8459,14.00307054,0.5996,3.5532,4.81
1991-12-01,4.493,5.0364,5.5209,5.9417,6.3047,6.6178,6.8886,7.1233,7.3272,7.5043,2.9371,0.2456,-14.0798,-0.7706,15.19967354,0.8398,3.4956,4.43
1992-01-01,4.2944,4.9684,5.5476,6.0152,6.3907,6.6959,6.9481,7.1594,7.3383,7.4908,2.6375,-0.4906,-4.0234,-0.6292,14.68699844,0.6472,3.3688,4.03
1992-02-01,4.416,5.2094,5.8594,6.3557,6.7329,7.025,7.2569,7.4449,7.6002,7.7299,2.78,0.4097,-5.8805,-0.3861,13.44082011,2.0847,3.5751,4.06
1992-03-01,4.7965,5.6602,6.299,6.7479,7.0641,7.2925,7.4631,7.5946,7.6987,7.7824,3.1401,0.9028,-5.5563,-0.1918,9.693941326,3.4904,3.61,3.98
1992-04-01,4.4252,5.3144,6.0121,6.5221,6.8933,7.1693,7.3806,7.5468,7.6806,7.79,3.1332,0.9844,-4.9798,0.1503,10.94403439,3.9964,3.6413,3.73
1992-05-01,4.2777,5.1567,5.8551,6.3732,6.7564,7.0457,7.2703,7.4492,7.5948,7.7148,2.9788,1.0634,-0.3459,0.367,10.9199292,3.3316,3.6712,3.82
1992-06-01,4.2506,5.0199,5.6542,6.1497,6.5367,6.8443,7.0941,7.3005,7.4734,7.6196,2.9702,1.634,2.6734,0.3492,14.41740519,2.5856,3.5872,3.76
1992-07-01,3.704,4.3811,4.9807,5.4946,5.9325,6.3064,6.6272,6.9036,7.1426,7.3497,3.1083,1.8004,-1.6461,0.4689,13.73384854,3.2168,3.4469,3.25
1992-08-01,3.5658,4.2147,4.7913,5.2894,5.7167,6.0837,6.4,6.6735,6.9106,7.1163,3.0283,1.7164,-2.6984,0.5718,12.16476511,2.6466,3.3155,3.3
1992-09-01,3.303,3.9366,4.5081,5.018,5.4687,5.8645,6.2112,6.5145,6.7795,7.0109,2.9488,1.7945,-2.3191,0.5716,11.45931589,2.1398,3.2081,3.22
1992-10-01,3.44,4.1289,4.7401,5.2629,5.7072,6.0858,6.41,6.689,6.93,7.1387,3.2272,1.8692,-6.0109,0.7108,6.098380528,2.925,3.0892,3.1
1992-11-01,3.8094,4.6086,5.2782,5.7973,6.197,6.5098,6.7602,6.9649,7.1348,7.2774,3.0728,1.3793,-4.1821,0.9008,6.858223219,3.4424,3.3434,3.09
1992-12-01,3.8567,4.6611,5.3177,5.8139,6.1869,6.4728,6.6976,6.8787,7.0273,7.1509,2.9236,1.5416,0.1277,1.0742,3.828780117,4.052,3.4364,2.92
1993-01-01,3.6231,4.3684,5.0253,5.543,5.9438,6.2578,6.5091,6.7142,6.8844,7.0271,3.202,1.9481,-1.9464,1.3091,0.451419511,4.9739,3.3295,3.02
1993-02-01,3.4682,4.0829,4.6519,5.1282,5.5194,5.8423,6.112,6.3397,6.5337,6.6998,3.1952,1.9434,-0.6607,1.5864,-2.908398374,4.7291,3.1873,3.03
1993-03-01,3.3984,3.9275,4.4537,4.9082,5.2881,5.6054,5.8725,6.0994,6.2934,6.46,2.9747,2.1019,0.8583,1.4939,-4.36448616,3.8066,3.0121,3.07
1993-04-01,3.294,3.8198,4.3523,4.8179,5.2108,5.5413,5.821,6.0593,6.2638,6.4398,3.1076,2.5787,1.0349,1.627,-3.293145084,3.3285,3.0608,2.96
1993-05-01,3.4045,3.9443,4.4467,4.8815,5.2513,5.566,5.8351,6.0666,6.2664,6.4394,3.1704,2.2527,-4.0622,1.7536,-6.300712727,2.6177,3.0064,3
1993-06-01,3.6128,4.1354,4.5656,4.927,5.2344,5.4982,5.7261,5.9238,6.0956,6.2451,2.9538,1.4481,-4.7477,1.8536,-9.599766707,2.7813,2.9998,3.04
1993-07-01,3.5479,4.0453,4.4603,4.8084,5.103,5.3548,5.5714,5.7589,5.9216,6.0629,2.8072,1.4493,-2.6613,2.0568,-9.80550603,2.1404,2.9463,3.06
1993-08-01,3.4873,3.9673,4.3925,4.7484,5.0443,5.2922,5.5021,5.6814,5.8357,5.9687,2.8013,0.4044,-3.3141,2.077,-11.05166624,2.5814,2.9934,3.03
1993-09-01,3.4014,3.816,4.173,4.4813,4.7484,4.9806,5.1829,5.3596,5.514,5.6488,2.7265,0.3228,-7.1447,2.2686,-11.55108006,2.7843,2.8471,3.09
1993-10-01,3.4359,3.8352,4.1758,4.4706,4.7275,4.9518,5.1482,5.3202,5.4707,5.6024,2.7151,0,-5.4003,2.3535,-7.144320031,2.8363,2.8474,2.99
1993-11-01,3.6171,4.1107,4.5106,4.8385,5.1115,5.3422,5.5393,5.709,5.8557,5.9829,2.7076,0.2414,-5.6359,2.4496,-11.31154305,2.9204,2.9137,3.02
1993-12-01,3.6435,4.1534,4.5581,4.885,5.1542,5.3801,5.572,5.7367,5.8789,6.0017,2.7722,0.1609,-4.1235,2.5463,-11.99172567,3.3509,2.9813,2.96
1994-01-01,3.572,4.0877,4.4954,4.8259,5.0997,5.3304,5.5272,5.6967,5.8431,5.97,2.4214,0.321,-0.3118,2.5209,-7.745446043,3.2676,3.0223,3.05
1994-02-01,3.8994,4.4286,4.8317,5.1495,5.4076,5.6221,5.8034,5.9585,6.0919,6.207,2.4846,0.2403,-2.3364,2.455,-6.75704459,2.8511,2.968,3.25
1994-03-01,4.3795,4.979,5.4,5.7158,5.9645,6.1672,6.3364,6.48,6.6028,6.7083,2.6172,0.08,-4.4927,2.9102,-6.68970128,3.9463,3.2001,3.34
1994-04-01,4.8097,5.5227,5.9634,6.2674,6.4948,6.6746,6.8219,6.9455,7.0505,7.1401,2.3369,-0.4785,-3.3734,2.941,-8.938921428,4.2372,3.4757,3.56
1994-05-01,5.2673,5.9221,6.2975,6.5494,6.7384,6.8902,7.0169,7.1249,7.2177,7.2976,2.2627,-0.4785,3.5234,2.9874,-14.48848904,5.0921,3.4511,4.01
1994-06-01,5.2241,5.8663,6.2254,6.4652,6.6468,6.7947,6.9197,7.0273,7.1205,7.2012,2.4642,0,6.5766,3.0991,-14.03047933,5.536,3.4931,4.25
1994-07-01,5.4278,6.0539,6.4152,6.662,6.8505,7.0043,7.1341,7.2455,7.3419,7.4251,2.6632,0.4785,6.1283,3.1438,-11.67477375,5.4034,3.6032,4.26
1994-08-01,5.5012,6.0982,6.4294,6.6506,6.8184,6.9554,7.0717,7.1719,7.2589,7.3343,2.8593,1.8393,5.0282,3.2642,-9.950703775,6.1787,3.4472,4.47
1994-09-01,5.6768,6.2723,6.6098,6.8376,7.011,7.1526,7.2723,7.3754,7.4647,7.542,2.9224,1.44,7.4063,3.3518,-11.93047345,5.957,3.4804,4.73
1994-10-01,6.0357,6.6404,6.9683,7.1794,7.3343,7.4577,7.5607,7.6485,7.7242,7.7893,2.5764,1.0413,9.2717,3.2786,-13.67037662,6.0366,3.6694,4.76
1994-11-01,6.4442,7.0452,7.3378,7.5082,7.6247,7.7139,7.7868,7.8486,7.9016,7.947,2.5694,1.3573,9.9633,3.4085,-14.68992702,6.2368,3.7801,5.29
1994-12-01,7.1011,7.5049,7.622,7.6616,7.6829,7.7018,7.7218,7.7425,7.7629,7.7818,2.5642,1.753,11.0936,3.3719,-15.91175775,6.6561,3.815,5.45
1995-01-01,6.9866,7.4115,7.5641,7.6296,7.6665,7.694,7.7179,7.7399,7.7601,7.778,2.8304,1.6687,6.6322,3.4102,-15.71486029,6.5276,3.8666,5.53
1995-02-01,6.6149,7.0077,7.1573,7.2312,7.2818,7.3248,7.3645,7.4016,7.4357,7.4663,2.8228,1.7447,7.0745,3.4116,-17.75096642,6.3553,3.7691,5.92
1995-03-01,6.3826,6.6688,6.8034,6.8916,6.9646,7.0308,7.0922,7.1487,7.2001,7.2459,2.7491,1.8218,9.1063,3.1869,-16.89986595,5.4865,3.5761,5.98
1995-04-01,6.2148,6.4627,6.5942,6.6904,6.7742,6.8514,6.9229,6.9886,7.0481,7.1011,3.0772,2.057,8.8425,3.016,-8.593165761,4.7264,3.5231,6.05
1995-05-01,5.9381,6.0774,6.1704,6.2531,6.3326,6.409,6.481,6.5478,6.6085,6.6628,3.071,2.1353,2.7699,2.7078,-6.32338346,4.7372,3.3296,6.01
1995-06-01,5.6251,5.6641,5.7264,5.8041,5.8882,5.9725,6.0533,6.1285,6.1973,6.259,2.9972,2.0554,-1.138,2.634,-6.515264517,4.4031,3.0151,6
1995-07-01,5.6328,5.736,5.8167,5.8996,5.9854,6.0708,6.1527,6.2291,6.2991,6.362,2.7909,1.8132,-0.6896,2.3882,-5.417210134,3.8678,3.0817,5.85
1995-08-01,5.7355,5.9115,6.0286,6.127,6.217,6.3007,6.378,6.4486,6.5123,6.569,2.5838,1.3381,3.6295,2.3567,-5.826386591,4.4996,3.1708,5.74
1995-09-01,5.6179,5.7372,5.8177,5.893,5.9683,6.0424,6.1133,6.1795,6.2402,6.2947,2.5134,1.7323,4.3806,2.2537,-3.366081663,4.5881,3.1177,5.8
1995-10-01,5.5784,5.6522,5.7043,5.7595,5.8194,5.8812,5.942,5.9998,6.0533,6.1017,2.7073,2.2845,4.3755,2.2024,-4.064730677,3.6124,3.0711,5.76
1995-11-01,5.4163,5.4419,5.5085,5.5877,5.6684,5.7458,5.818,5.8842,5.944,5.9972,2.5702,2.0409,6.1345,1.9613,0.689145353,3.1872,3.0207,5.8
1995-12-01,5.2825,5.2874,5.3386,5.4075,5.481,5.5535,5.6221,5.6856,5.7434,5.795,2.5001,2.1103,8.5514,1.8329,2.634425196,2.5342,2.8371,5.6
1996-01-01,5.0678,5.0835,5.1602,5.2562,5.3552,5.4502,5.5386,5.6194,5.6922,5.7568,2.7525,2.1825,9.883,1.545,1.560639774,1.8218,2.8815,5.56
1996-02-01,4.9112,4.9768,5.0976,5.2365,5.3764,5.5093,5.6321,5.7437,5.8437,5.9325,2.6808,1.9463,12.1824,1.7339,1.73797478,3.3815,2.8672,5.22
1996-03-01,5.3675,5.6036,5.7428,5.8569,5.9629,6.0632,6.1571,6.2436,6.3221,6.3923,2.8042,2.4041,14.4811,1.7661,2.280521747,3.0817,2.9629,5.31
1996-04-01,5.5604,5.8952,6.0585,6.1705,6.2656,6.3527,6.4334,6.5075,6.5748,6.6349,2.7933,2.475,17.2866,1.7704,-3.054686379,4.2695,3.1098,5.22
1996-05-01,5.6451,6.0213,6.2107,6.3366,6.438,6.5269,6.6069,6.6792,6.7439,6.8013,2.7879,2.3967,17.6116,2.0623,-0.094257059,4.5253,3.272,5.24
1996-06-01,5.8169,6.2338,6.4254,6.5415,6.6299,6.7057,6.7736,6.835,6.8901,6.9389,2.7825,2.7018,18.5072,2.0958,-4.573169808,4.9424,3.3646,5.27
1996-07-01,5.8516,6.2108,6.3761,6.4788,6.5597,6.6309,6.6958,6.7551,6.8087,6.8564,2.8426,2.4693,15.15,2.2234,-2.556651632,5.354,3.259,5.4
1996-08-01,5.6356,5.9657,6.1299,6.2375,6.3233,6.3983,6.466,6.5272,6.5822,6.631,2.7735,2.8518,18.2415,2.1545,-8.385810104,4.5598,3.2638,5.22
1996-09-01,5.815,6.1675,6.3385,6.451,6.5423,6.6232,6.6967,6.7635,6.8237,6.8771,2.9603,2.7715,17.7908,2.1169,-6.905973652,4.7968,3.3521,5.3
1996-10-01,5.5694,5.8472,6.0099,6.1285,6.2266,6.3124,6.3888,6.4572,6.5181,6.5717,3.0159,3.0677,15.5817,2.2071,-4.137368415,4.9438,3.2741,5.24
1996-11-01,5.4444,5.6334,5.7523,5.8461,5.9285,6.0034,6.0719,6.1342,6.1902,6.24,3.2013,2.9099,19.5034,2.3262,-2.591878822,5.5843,3.1953,5.31
1996-12-01,5.4985,5.7193,5.8441,5.9366,6.0163,6.0886,6.1549,6.2154,6.27,6.3186,3.323,2.7462,15.6894,2.3553,-2.316811175,5.8629,3.0405,5.29
1997-01-01,5.6378,5.9259,6.0832,6.1902,6.275,6.3477,6.4119,6.4692,6.5202,6.5651,2.9929,2.5125,15.6439,2.541,-4.547168762,6.5676,3.2421,5.25
1997-02-01,5.5392,5.8062,5.9536,6.0557,6.1379,6.2092,6.2728,6.3298,6.3807,6.4256,2.9872,2.2867,14.5791,2.4468,-2.927715177,6.2964,3.237,5.19
1997-03-01,5.8257,6.1448,6.3075,6.41,6.4867,6.5501,6.6053,6.6542,6.6975,6.7355,2.7277,1.5964,11.9529,2.4891,-4.442691754,7.0958,3.2576,5.39
1997-04-01,6.0057,6.3665,6.5271,6.6185,6.6846,6.7397,6.7886,6.8328,6.8725,6.9077,2.4052,0.6852,7.9642,2.5913,-7.590428345,6.1693,3.3733,5.51
1997-05-01,5.8686,6.1907,6.3359,6.4224,6.4882,6.5452,6.5969,6.6442,6.687,6.7251,2.2132,0.4573,9.8874,2.5303,-10.92148363,6.0004,3.3055,5.5
1997-06-01,5.7303,6.0207,6.153,6.2338,6.2969,6.3525,6.4035,6.4503,6.4929,6.5309,2.209,0,4.1066,2.5114,-4.261476807,5.707,3.2963,5.56
1997-07-01,5.6188,5.8203,5.9236,5.9934,6.0507,6.102,6.149,6.1923,6.2316,6.2666,2.1425,-0.2289,8.7683,2.5469,-9.756158788,6.5528,3.1968,5.52
1997-08-01,5.6745,5.8711,5.9794,6.0571,6.1225,6.1815,6.2354,6.2848,6.3294,6.3691,2.2642,-0.1521,3.9362,2.3767,-4.062827116,7.0448,3.1381,5.54
1997-09-01,5.6294,5.8285,5.9226,5.9894,6.0497,6.1076,6.1631,6.2153,6.2634,6.3068,2.1951,-0.076,4.5347,2.6028,-4.738693652,7.3422,3.1401,5.54
1997-10-01,5.5769,5.7283,5.7954,5.8462,5.8966,5.9481,5.9993,6.0486,6.0946,6.1365,2.0645,-0.3784,6.3389,2.6659,-8.562884959,8.2399,3.1143,5.5
1997-11-01,5.5937,5.6805,5.7176,5.7462,5.7759,5.8078,5.8405,5.8728,5.9035,5.9316,1.8727,-0.6816,-3.1365,2.6766,-13.72498984,8.1604,3.0903,5.52
1997-12-01,5.6216,5.6682,5.6841,5.6982,5.7164,5.7382,5.7622,5.7869,5.8108,5.833,1.6828,-1.1351,-8.6031,2.7727,-11.33121406,7.9586,2.994,5.5
1998-01-01,5.3415,5.3345,5.3418,5.3677,5.406,5.4507,5.4975,5.5437,5.5874,5.6274,1.618,-1.7445,-8.8571,2.8031,-11.69451638,8.233,2.9524,5.56
1998-02-01,5.383,5.3801,5.3866,5.4122,5.4514,5.4978,5.5467,5.5951,5.641,5.6832,1.4299,-1.5952,-14.3011,2.7104,-11.88748734,7.2301,2.9135,5.51
1998-03-01,5.4713,5.5148,5.533,5.5541,5.582,5.6145,5.6492,5.684,5.7173,5.748,1.3673,-1.5964,-16.0854,2.5694,-8.618055339,6.6357,2.9446,5.49
1998-04-01,5.4616,5.5242,5.5344,5.5462,5.5683,5.5985,5.6331,5.6691,5.7043,5.7372,1.4282,-0.8381,-18.1734,2.5521,-14.57232228,6.8893,2.9272,5.45
1998-05-01,5.4943,5.5555,5.5658,5.5775,5.599,5.6283,5.6618,5.6966,5.7307,5.7626,1.6745,-0.7634,-24.6698,2.6532,-9.580617056,6.9797,2.9741,5.49
1998-06-01,5.4576,5.4851,5.4803,5.4814,5.4929,5.5122,5.5361,5.5619,5.5877,5.612,1.6099,-0.6878,-20.9422,2.6206,-9.029263726,5.9306,2.916,5.56
1998-07-01,5.393,5.4351,5.4325,5.4311,5.439,5.4548,5.4756,5.4988,5.5223,5.5448,1.7306,-0.1529,-30.3458,2.4845,-6.13480239,4.6904,2.9276,5.54
1998-08-01,5.2518,5.267,5.2598,5.2616,5.2752,5.2973,5.324,5.3527,5.3812,5.408,1.604,-0.7639,-36.8036,2.7682,-6.712459014,5.7354,2.9154,5.55
1998-09-01,4.865,4.7458,4.6789,4.6689,4.6975,4.7475,4.8076,4.8706,4.9323,4.9903,1.4167,-0.916,-30.391,2.5313,-5.496907012,4.7101,2.7393,5.51
1998-10-01,4.3391,4.2583,4.2309,4.2664,4.3431,4.4406,4.5454,4.6493,4.7481,4.8391,1.4751,-0.761,-33.7253,2.4133,-2.733011315,4.5248,2.4074,5.07
1998-11-01,4.6608,4.6286,4.6204,4.65,4.7058,4.7752,4.8495,4.9233,4.9934,5.0581,1.4733,-0.6098,-37.1346,2.3822,-3.352989792,3.6243,2.5441,4.83
1998-12-01,4.6282,4.5648,4.532,4.545,4.5902,4.653,4.7232,4.7944,4.863,4.9267,1.5941,-0.0761,-36.4176,2.4169,-7.102440511,3.6081,2.5016,4.68
1999-01-01,4.6476,4.646,4.6211,4.6338,4.6807,4.7482,4.8251,4.904,4.9804,5.0517,1.6529,0.7622,-37.158,2.2898,-6.353400071,3.5736,2.5871,4.63
1999-02-01,4.8113,4.8909,4.9076,4.9378,4.9888,5.0532,5.1235,5.1942,5.2621,5.325,1.6529,0.4584,-36.2597,2.4494,-3.141113521,3.9786,2.6253,4.76
1999-03-01,4.9047,5.0474,5.103,5.1553,5.2179,5.2879,5.3603,5.4312,5.4981,5.5596,1.7136,0.7634,-27.3568,2.4224,-10.48070165,4.1556,2.7892,4.81
1999-04-01,4.8135,4.9573,5.0009,5.0465,5.1089,5.1831,5.2621,5.3407,5.4155,5.4846,2.2555,1.0655,-22.0156,2.4801,1.05484444,4.0401,2.7963,4.74
1999-05-01,5.0046,5.2299,5.3348,5.4123,5.4852,5.5571,5.6267,5.6926,5.7536,5.8088,2.0695,1.3699,-23.2509,2.328,-4.239425683,3.9944,2.849,4.74
1999-06-01,5.2785,5.5756,5.7095,5.7949,5.8654,5.9301,5.9906,6.0469,6.0985,6.1448,1.9465,1.5221,-15.6178,2.3602,-4.292363262,4.5194,2.9371,4.76
1999-07-01,5.2435,5.488,5.5893,5.6621,5.7333,5.806,5.878,5.9472,6.0116,6.0702,2.1219,1.5186,-7.616,2.5147,-3.810294857,5.511,3.0106,4.99
1999-08-01,5.3926,5.6365,5.7515,5.8368,5.9166,5.9946,6.0698,6.1405,6.2057,6.2645,2.2391,2.3495,4.5749,2.36,-5.676817365,3.9038,3.0557,5.07
1999-09-01,5.4284,5.6196,5.7007,5.7754,5.8604,5.9523,6.0453,6.1353,6.2194,6.2961,2.596,3.0958,2.1748,2.3671,-6.305813597,3.5881,3.0939,5.22
1999-10-01,5.5764,5.8123,5.9069,5.9848,6.0696,6.1603,6.2518,6.3402,6.4228,6.4983,2.5303,2.6387,1.0989,2.5117,-8.331237844,4.1701,3.1349,5.2
1999-11-01,5.648,5.8107,5.8612,5.9068,5.9654,6.0341,6.1068,6.179,6.2476,6.3109,2.5866,3.0864,10.8263,2.5163,-6.501951111,4.7977,3.1492,5.42
1999-12-01,5.8928,6.0482,6.0818,6.1186,6.1764,6.2492,6.3288,6.409,6.4858,6.5571,2.6412,2.927,17.0578,2.4639,-6.489225301,5.1951,3.2174,5.3
2000-01-01,6.1255,6.3559,6.4308,6.4781,6.5269,6.5802,6.6357,6.6906,6.7426,6.7905,2.7547,2.6229,22.6545,2.5551,-4.588274822,4.6998,3.2744,5.45
2000-02-01,6.2731,6.5138,6.5856,6.6047,6.6087,6.61,6.6119,6.6151,6.619,6.6229,3.1673,4.0334,27.8294,2.3161,-4.228217751,4.4686,3.3488,5.73
2000-03-01,6.3014,6.4412,6.4541,6.4391,6.4234,6.4134,6.4089,6.4087,6.4109,6.4141,3.6931,4.3161,19.557,2.5948,-0.868362525,4.6371,3.3287,5.85
2000-04-01,6.2555,6.3019,6.2571,6.2109,6.1805,6.1652,6.1608,6.1633,6.1698,6.1777,2.9693,3.5692,14.2706,2.5247,-9.113834771,5.0548,3.1782,6.02
2000-05-01,6.657,6.7199,6.6791,6.6319,6.5982,6.5785,6.5693,6.5672,6.5692,6.573,3.0845,3.4909,26.9357,2.5266,-0.657783227,4.7171,3.2724,6.27
2000-06-01,6.4487,6.4411,6.3601,6.293,6.2516,6.2311,6.2248,6.2273,6.2347,6.244,3.6669,4.215,23.7706,2.2762,-5.172675202,4.8597,3.3263,6.53
2000-07-01,6.3501,6.2977,6.2241,6.1717,6.1421,6.1295,6.1281,6.1335,6.1424,6.1526,3.536,4.0611,16.7592,2.1442,-4.723949985,4.0917,3.0885,6.54
2000-08-01,6.3147,6.1863,6.0854,6.0207,5.9837,5.9653,5.9588,5.9597,5.9645,5.9711,3.2964,3.2427,20.3964,2.0337,0.256607788,3.3891,3.0654,6.5
2000-09-01,6.1883,6.012,5.9099,5.8661,5.8591,5.8734,5.8991,5.93,5.9622,5.9935,3.3981,3.291,14.6087,1.9654,-5.027054934,4.2062,2.989,6.52
2000-10-01,6.1571,5.8852,5.7553,5.7104,5.7124,5.739,5.7777,5.821,5.8649,5.9067,3.3921,3.7244,16.0526,1.6555,-4.314672068,2.5778,2.9612,6.51
2000-11-01,6.1233,5.8412,5.7147,5.6707,5.6697,5.6908,5.7226,5.7588,5.7956,5.8307,3.3862,3.8536,21.4042,1.5862,-1.356251524,2.0703,2.9559,6.51
2000-12-01,5.6503,5.3409,5.2017,5.1585,5.1672,5.2024,5.2502,5.3025,5.3547,5.4042,3.3783,3.8452,21.6811,1.4702,-0.336670824,0.9283,2.8761,6.4
2001-01-01,4.9854,4.8198,4.8221,4.8873,4.9741,5.0654,5.1541,5.2369,5.3125,5.3804,3.6536,4.6957,14.0097,1.2817,5.371677445,0.5075,2.5333,5.98
2001-02-01,4.7573,4.6875,4.7427,4.8361,4.9373,5.0353,5.1264,5.2093,5.2839,5.35,3.4686,3.8066,11.9211,1.2626,3.867561622,-0.4854,2.6418,5.49
2001-03-01,4.3807,4.3599,4.4484,4.5691,4.6942,4.8135,4.9234,5.023,5.1123,5.1914,2.9388,2.8009,6.7196,0.8678,6.874864142,-1.1365,2.4987,5.31
2001-04-01,4.0943,4.2437,4.4281,4.614,4.7891,4.9493,5.0936,5.2226,5.337,5.438,3.1676,3.6576,11.5179,0.4328,13.46482655,-2.1313,2.5868,4.8
2001-05-01,3.9367,4.2912,4.5763,4.8104,5.0072,5.1753,5.3205,5.4467,5.5566,5.6523,3.5011,3.7957,3.1096,0.2306,7.814387983,-2.9259,2.7619,4.21
2001-06-01,3.7525,4.1358,4.4463,4.6973,4.9041,5.0776,5.2254,5.3527,5.4627,5.558,3.144,2.644,-3.0953,0.1785,13.75050832,-3.5456,2.8453,3.97
2001-07-01,3.6901,4.0717,4.3868,4.6413,4.85,5.0241,5.1718,5.2984,5.4077,5.5021,2.6851,1.3655,3.538,-0.0416,13.5812589,-3.9768,2.807,3.77
2001-08-01,3.4431,3.7764,4.0986,4.3712,4.5971,4.7852,4.9439,5.0792,5.1953,5.2953,2.6851,2.0101,-5.6527,-0.1567,18.49378704,-3.8134,2.6864,3.65
2001-09-01,2.8657,3.2241,3.6025,3.9392,4.2273,4.4725,4.6821,4.8624,5.0181,5.1528,2.5591,1.6411,-11.7592,-0.4483,23.87719011,-4.7328,2.749,3.07
2001-10-01,2.3005,2.7652,3.2261,3.6209,3.9493,4.2229,4.4532,4.6488,4.8164,4.9605,2.1053,-0.3591,-13.834,-0.6823,32.9529923,-4.6952,2.5279,2.49
2001-11-01,2.1763,2.8049,3.3309,3.7481,4.0799,4.3486,4.5702,4.7561,4.9137,5.0483,1.8767,-1.22,-20.443,-1.0709,35.01097266,-5.3014,2.3965,2.09
2001-12-01,2.1932,3.0952,3.7451,4.2168,4.5705,4.845,5.0649,5.2453,5.3958,5.5227,1.5909,-1.7954,-25.2554,-1.3151,38.2362758,-5.0088,2.6393,1.82
2002-01-01,2.1145,2.9986,3.6557,4.1349,4.492,4.7667,4.9846,5.1619,5.3088,5.432,1.1888,-2.8635,-23.2058,-1.4009,30.63511454,-3.7972,2.7899,1.73
2002-02-01,2.1832,2.986,3.5941,4.048,4.3943,4.6662,4.8856,5.0666,5.2182,5.3464,1.13,-2.7869,-19.9743,-1.5589,29.94778869,-3.1438,2.7124,1.74
2002-03-01,2.598,3.5011,4.1001,4.5232,4.8396,5.0872,5.2877,5.4538,5.5937,5.7124,1.3537,-1.7143,-5.6454,-1.5418,30.17497311,-2.1422,2.7047,1.73
2002-04-01,2.4586,3.3677,3.9765,4.4057,4.7247,4.9727,5.1721,5.3366,5.4745,5.5913,1.6306,-2.3514,-8.9208,-1.3981,31.57100859,-1.3047,2.952,1.75
2002-05-01,2.3469,3.2163,3.8096,4.2398,4.5691,4.8317,5.0474,5.2281,5.3815,5.5125,1.2332,-2.7789,-8.1833,-1.3527,29.93785791,-0.3593,2.7928,1.75
2002-06-01,2.1667,2.9437,3.5055,3.9309,4.2673,4.5419,4.7711,4.9653,5.1315,5.2744,1.0635,-2.1384,-2.0414,-1.2275,25.80604212,1.0077,2.7304,1.75
2002-07-01,1.8678,2.5049,3.068,3.5285,3.9027,4.2104,4.4671,4.6841,4.8691,5.0277,1.455,-1.0764,-3.7181,-1.2087,24.2549952,1.5784,2.6474,1.73
2002-08-01,1.6822,2.0984,2.5718,3.0101,3.395,3.7283,4.0165,4.2661,4.4828,4.6711,1.7324,-1.4317,0.3477,-1.0944,16.48451057,1.5749,2.3926,1.74
2002-09-01,1.6942,1.9703,2.3306,2.6977,3.0429,3.3566,3.637,3.8858,4.1055,4.2988,1.5046,-1.4974,11.1208,-0.9662,14.43415559,2.1977,2.2175,1.75
2002-10-01,1.6238,1.9071,2.2806,2.6666,3.0334,3.369,3.6704,3.9386,4.1758,4.3849,2.0068,0.7168,15.014,-0.6342,7.665772853,2.2501,2.12,1.75
2002-11-01,1.4751,1.9328,2.3768,2.7872,3.1579,3.4885,3.7812,4.0392,4.2662,4.4654,2.2285,1.0772,14.5904,-0.4004,6.259986946,3.3801,2.1935,1.34
2002-12-01,1.3837,1.8224,2.2897,2.7248,3.1134,3.4551,3.7543,4.0158,4.2444,4.4441,2.45,1.2244,21.3972,-0.394,4.522015535,2.8669,2.3274,1.24
2003-01-01,1.3076,1.7336,2.223,2.68,3.0836,3.4345,3.7386,4.0025,4.2318,4.4313,2.7201,2.4391,29.5286,-0.2088,4.047972133,2.9723,2.2439,1.24
2003-02-01,1.2464,1.6251,2.0975,2.5465,2.9447,3.2909,3.5908,3.8507,4.0765,4.2729,3.0976,3.3491,30.3241,-0.2213,4.78912877,3.0986,2.2456,1.26
2003-03-01,1.2204,1.5788,2.0206,2.448,2.8343,3.1756,3.4747,3.7363,3.965,4.1648,2.9804,3.6779,12.7859,-0.374,3.362855359,2.0909,2.0784,1.25
2003-04-01,1.2332,1.6372,2.1208,2.5741,2.9735,3.3193,3.6182,3.8768,4.1012,4.2962,2.1518,2.4921,12.2242,-0.3374,2.786717798,0.9722,2.1167,1.26
2003-05-01,1.1393,1.395,1.7745,2.167,2.5348,2.867,3.1623,3.4232,3.6528,3.8543,1.8764,2.4975,19.5158,-0.3343,6.432269835,0.5249,2.1171,1.26
2003-06-01,0.9953,1.2165,1.557,1.9253,2.2822,2.6122,2.9107,3.1773,3.4138,3.6227,1.93,2.771,15.1418,-0.3757,9.895376189,-0.1712,1.9788,1.22
2003-07-01,1.084,1.4831,1.9714,2.4388,2.8571,3.2235,3.5425,3.8202,4.0621,4.2729,2.0347,2.9853,16.3624,-0.3076,7.140553277,0.3789,1.9735,1.01
2003-08-01,1.2786,1.8697,2.448,2.9571,3.3937,3.7668,4.0868,4.3624,4.6008,4.8074,2.1919,3.5414,16.43,-0.3329,6.886441108,0.2628,2.2895,1.03
2003-09-01,1.1824,1.6976,2.2609,2.7692,3.2065,3.5792,3.8976,4.1708,4.4064,4.6103,2.3505,3.3902,12.8734,-0.1887,7.807364281,0.8184,2.3966,1.01
2003-10-01,1.2145,1.7362,2.2815,2.7735,3.2006,3.5681,3.8844,4.1576,4.3943,4.5998,2.0214,3.3711,18.6339,-0.1394,4.989590583,1.2055,2.1063,1.01
2003-11-01,1.3307,1.9177,2.4519,2.9135,3.3085,3.6469,3.9382,4.1899,4.4082,4.5979,1.91,3.2329,18.0663,-0.1034,0.655126349,1.3419,2.2911,1
2003-12-01,1.2935,1.8789,2.4195,2.8842,3.2782,3.6129,3.899,4.145,4.3576,4.5418,2.0148,3.7926,20.428,0.0958,-3.810096993,1.9536,2.3654,0.98
2004-01-01,1.2082,1.7384,2.2645,2.7285,3.1263,3.4659,3.7571,4.0078,4.2247,4.4127,2.006,3.3453,14.8368,0.1423,-1.776245634,1.2989,2.3168,1
2004-02-01,1.201,1.7171,2.2316,2.6866,3.0772,3.4113,3.698,3.945,4.1588,4.3443,1.6744,2.1491,17.8327,0.2901,-5.375139482,1.7782,2.2755,1.01
2004-03-01,1.1463,1.5566,2.0068,2.4276,2.8027,3.1319,3.4194,3.6705,3.8897,4.0811,1.7251,1.5162,28.7302,0.694,-1.1359101,1.6636,2.1717,1
2004-04-01,1.4438,2.065,2.587,3.0266,3.3999,3.7195,3.9949,4.2334,4.4406,4.6208,2.2667,3.4558,27.5821,0.9427,-7.904418653,2.7072,2.1481,1
2004-05-01,1.7861,2.5407,3.0945,3.5287,3.8835,4.1808,4.4337,4.6511,4.839,5.0017,2.8566,4.4789,23.592,1.1432,-8.683885034,3.4532,2.4547,1
2004-06-01,2.0716,2.7614,3.2509,3.6364,3.9569,4.2301,4.466,4.671,4.8496,5.0052,3.1185,3.9167,21.8287,1.2192,-11.17844433,2.5525,2.5674,1.03
2004-07-01,2.0381,2.6231,3.0537,3.4072,3.7108,3.9758,4.2083,4.4125,4.5918,4.749,2.8972,3.7118,22.9449,1.2716,-10.21473945,2.7763,2.5019,1.26
2004-08-01,2.0007,2.4822,2.8691,3.2036,3.4989,3.7604,3.9919,4.1962,4.3762,4.5343,2.5155,3.353,17.1775,1.3606,-10.74109777,3.0878,2.4717,1.43
2004-09-01,2.1184,2.4971,2.8126,3.1011,3.3674,3.6107,3.8305,4.0273,4.2023,4.3573,2.5075,3.279,23.6637,1.3959,-11.81333941,2.5486,2.3559,1.61
2004-10-01,2.2189,2.5561,2.8408,3.108,3.3597,3.5928,3.8052,3.9967,4.1677,4.3195,3.1411,4.325,20.6162,1.5186,-7.995682039,3.2965,2.3506,1.76
2004-11-01,2.5256,2.8439,3.0836,3.3081,3.5248,3.7301,3.9205,4.094,4.2504,4.39,3.5576,5.0567,19.6117,1.5415,-7.806239367,2.8607,2.3071,1.93
2004-12-01,2.704,2.9994,3.2022,3.3949,3.5875,3.7751,3.9524,4.1161,4.2649,4.3984,3.2877,4.2502,7.3632,1.5493,-4.714429079,3.5914,2.3469,2.16
2005-01-01,2.9097,3.2059,3.3829,3.5395,3.6938,3.8443,3.9874,4.1202,4.2415,4.3506,2.8052,4.0301,6.4719,1.5277,-7.258353962,3.7793,2.3688,2.28
2005-02-01,3.0829,3.3701,3.5137,3.6314,3.7479,3.8641,3.9767,4.0827,4.1804,4.269,3.0073,4.6239,6.8869,1.676,-2.316323291,3.8794,2.3707,2.5
2005-03-01,3.367,3.7234,3.8983,4.0248,4.138,4.2449,4.3456,4.439,4.5245,4.6014,3.1565,5.0027,7.1975,1.5249,-9.299276345,4.1331,2.4749,2.63
2005-04-01,3.3716,3.6464,3.7695,3.8672,3.9661,4.0672,4.167,4.2621,4.3506,4.4311,3.3065,4.6458,2.8289,1.5899,-6.289157129,3.9242,2.5216,2.79
2005-05-01,3.4038,3.6206,3.6862,3.7408,3.8098,3.8906,3.9764,4.0618,4.1432,4.2187,2.8289,3.6392,0.193,1.5028,-7.076014091,3.3073,2.4036,3
2005-06-01,3.4614,3.6174,3.649,3.6787,3.7266,3.7888,3.8581,3.9288,3.9973,4.0613,2.5093,3.6392,5.9637,1.6182,-9.646943222,4.5128,2.295,3.04
2005-07-01,3.7098,3.8579,3.882,3.9019,3.9387,3.9895,4.0478,4.1083,4.1674,4.223,3.0211,4.4862,8.4538,1.8389,-9.400817625,3.4535,2.3598,3.26
2005-08-01,3.8984,4.0281,4.0423,4.0522,4.078,4.1174,4.1645,4.2144,4.2639,4.3107,3.582,5.0519,17.3864,1.921,-8.417095015,3.6981,2.471,3.5
2005-09-01,3.8563,3.9172,3.9157,3.9298,3.9666,4.0188,4.0786,4.1404,4.2007,4.2571,4.6328,6.5042,15.1597,1.852,-4.832981852,1.6201,2.3537,3.62
2005-10-01,4.1913,4.2628,4.2596,4.2649,4.29,4.3297,4.3772,4.4275,4.4772,4.5241,4.2581,5.969,6.8131,1.6557,-7.84209824,1.9594,2.5493,3.78
2005-11-01,4.3673,4.3895,4.378,4.3844,4.4107,4.4499,4.4956,4.5434,4.5902,4.6341,3.284,4.2477,8.1317,1.8632,-4.724068445,2.8033,2.5759,4
2005-12-01,4.37,4.3833,4.3468,4.3304,4.3397,4.3672,4.4049,4.4472,4.4902,4.5314,3.284,5.2745,16.1642,1.8873,-8.616383196,2.5179,2.5703,4.16
2006-01-01,4.4358,4.3668,4.3134,4.2936,4.3001,4.323,4.3548,4.3904,4.4266,4.4613,3.9401,5.5072,16.7937,1.9732,-9.705888158,2.3168,2.4489,4.29
2006-02-01,4.6691,4.6336,4.5841,4.5528,4.5407,4.5427,4.5535,4.5693,4.5872,4.6053,3.5736,3.854,3.352,2.0085,-10.50820805,1.66,2.5136,4.49
2006-03-01,4.756,4.7169,4.6762,4.6578,4.6593,4.6741,4.6965,4.7227,4.7499,4.7761,3.3608,3.5787,1.8945,2.145,-8.987069023,2.0046,2.4741,4.59
2006-04-01,4.8969,4.8646,4.8298,4.8226,4.8393,4.8709,4.9103,4.9526,4.9946,5.0344,3.5501,4.0666,14.3345,1.9984,-7.466961216,2.0982,2.6257,4.79
2006-05-01,4.9645,4.9325,4.8999,4.8975,4.9203,4.9585,5.0045,5.053,5.1007,5.1455,3.9002,4.2614,15.8862,1.8968,-9.178744148,2.0208,2.6636,4.94
2006-06-01,5.1448,5.0813,5.0115,4.9771,4.9743,4.9924,5.0222,5.0576,5.0945,5.1303,4.0967,4.7583,12.4968,1.7679,-7.204491544,1.9307,2.6658,4.99
2006-07-01,5.1962,5.0838,5.0009,4.9627,4.9579,4.9739,5.0014,5.0343,5.0688,5.1023,4.0227,3.7979,11.0989,1.6432,-3.168772085,2.1879,2.7219,5.24
2006-08-01,5.0333,4.8635,4.7657,4.7273,4.7273,4.7495,4.7833,4.8222,4.862,4.9004,3.8514,3.6436,0.0349,1.6174,-3.51934353,2.2897,2.6194,5.25
2006-09-01,4.9212,4.7199,4.6162,4.5789,4.5814,4.606,4.6417,4.682,4.723,4.7623,1.9921,0.8777,-10.8277,1.6752,-9.813423519,4.0601,2.5175,5.25
2006-10-01,4.9353,4.7464,4.6426,4.6011,4.5983,4.6174,4.6482,4.6841,4.7212,4.7569,1.3965,-1.1278,0.1802,1.6229,-10.24873569,2.7481,2.4858,5.25
2006-11-01,4.9034,4.6818,4.5542,4.4962,4.4819,4.4931,4.518,4.5496,4.5834,4.6166,1.9496,0.8158,5.1603,1.5195,-9.620934153,1.6296,2.379,5.25
2006-12-01,4.8591,4.62,4.4958,4.4458,4.4394,4.4573,4.4879,4.5241,4.5617,4.5982,2.4927,0.9355,-2.7489,1.5352,-7.367478585,2.154,2.3468,5.24
2007-01-01,4.9866,4.8183,4.7138,4.6652,4.654,4.6651,4.6885,4.718,4.7494,4.7803,2.0545,0.2489,-4.4594,1.5024,0.73343065,1.644,2.5293,5.25
2007-02-01,4.967,4.788,4.6777,4.627,4.6157,4.628,4.6532,4.6846,4.718,4.7508,2.3914,2.4892,5.2703,1.3349,-3.642951196,2.5638,2.5756,5.26
2007-03-01,4.8068,4.5564,4.435,4.3949,4.4013,4.4328,4.4765,4.5248,4.5736,4.62,2.7598,2.9687,4.0156,1.2716,-4.941960431,2.5216,2.4594,5.26
2007-04-01,4.8859,4.6457,4.5305,4.4957,4.5072,4.5434,4.5914,4.6438,4.6961,4.7456,2.5599,2.8845,-1.4626,1.191,-3.865907315,2.9069,2.4786,5.25
2007-05-01,4.9152,4.7346,4.6279,4.5861,4.5868,4.6121,4.6503,4.694,4.7387,4.7817,2.6738,3.3071,-2.2643,1.2734,-3.113884642,2.92,2.5245,5.25
2007-06-01,4.9705,4.9444,4.9209,4.9216,4.9422,4.9751,5.0142,5.0552,5.0955,5.1333,2.6571,2.8704,-2.079,1.2712,-0.314735596,2.5967,2.6718,5.25
2007-07-01,4.9003,4.7828,4.7508,4.7658,4.8049,4.8551,4.9092,4.963,5.0142,5.0613,2.2914,3.7786,-3.1879,1.1072,-0.363027486,2.5063,2.6399,5.26
2007-08-01,4.4269,4.304,4.2854,4.3261,4.3966,4.4795,4.5651,4.6483,4.7263,4.7975,1.8797,2.3774,-3.1569,0.9676,-0.339031261,2.2645,2.4898,5.02
2007-09-01,4.1388,4.015,4.0013,4.0559,4.146,4.2509,4.3588,4.4631,4.5607,4.6498,2.7944,4.5157,10.8284,0.9297,4.609505447,2.7036,2.4115,4.94
2007-10-01,4.074,3.9472,3.9549,4.0305,4.136,4.2514,4.3663,4.4753,4.576,4.6673,3.547,6.4657,9.5449,0.9643,7.307747684,2.4998,2.4521,4.76
2007-11-01,3.4162,3.3138,3.368,3.4944,3.6489,3.8089,3.9635,4.1076,4.2391,4.3574,4.2803,7.4644,1.1535,0.8883,5.216602172,3.09,2.3841,4.49
2007-12-01,3.2357,3.0868,3.1465,3.3008,3.4912,3.6886,3.8791,4.0563,4.2178,4.3629,4.0266,6.3723,10.5114,0.8308,12.27331351,2.1231,2.147,4.24
2008-01-01,2.6194,2.4403,2.5554,2.7723,3.0149,3.253,3.4748,3.6765,3.8574,4.0183,4.205,7.4241,14.6429,0.6684,7.692460719,2.3606,2.1747,3.94
2008-02-01,1.9171,1.9368,2.1958,2.5192,2.8431,3.145,3.4182,3.6619,3.8779,4.0684,4.0594,6.6572,23.1317,0.5582,7.907612148,1.0268,2.0726,2.98
2008-03-01,1.5146,1.5918,1.8305,2.1426,2.4751,2.8,3.1037,3.381,3.6306,3.8533,3.8979,6.6593,15.9,0.3434,15.02165553,0.527,1.9413,2.61
2008-04-01,1.7839,2.007,2.2659,2.549,2.8348,3.1087,3.3628,3.594,3.8019,3.9871,3.8295,6.2154,18.5657,0.1414,10.87562036,-0.8353,2.0011,2.28
2008-05-01,2.065,2.3731,2.6652,2.9442,3.2046,3.443,3.6583,3.8509,4.0221,4.1734,4.007,7.204,21.4039,-0.1059,21.57262202,-1.4848,2.2202,1.98
2008-06-01,2.3975,2.715,3.0069,3.2745,3.5168,3.7341,3.9277,4.0995,4.2513,4.3848,4.818,8.7011,31.7325,-0.2778,20.5945353,-1.7698,2.3035,2
2008-07-01,2.2462,2.5314,2.809,3.0772,3.3292,3.5606,3.7699,3.9574,4.1242,4.2718,5.3517,9.2479,17.3427,-0.3992,22.32274756,-2.0618,2.3431,2.01
2008-08-01,2.1385,2.3791,2.6333,2.895,3.1508,3.3915,3.6124,3.8122,3.991,4.15,5.1719,9.2019,13.7069,-0.5872,28.93080316,-3.8521,2.3471,2
2008-09-01,1.8977,2.0724,2.3229,2.6043,2.8874,3.1565,3.4046,3.6293,3.8306,4.0095,4.8345,8.6265,-6.0559,-0.978,28.07543655,-8.579,2.2097,1.81
2008-10-01,1.4073,1.5006,1.8778,2.3332,2.7867,3.2087,3.5902,3.9303,4.2314,4.4968,3.6631,5.1795,-32.9755,-1.3707,33.07510914,-7.283,2.1067,0.97
2008-11-01,0.9947,1.0011,1.3722,1.8581,2.3568,2.8283,3.2583,3.6439,3.9864,4.2892,1.0939,0.2896,-36.7368,-2.0049,37.53665654,-9.1511,2.0072,0.39
2008-12-01,0.4842,0.5585,0.8423,1.203,1.577,1.9355,2.2663,2.5656,2.8334,3.0714,-0.0222,-1.1717,-45.5903,-2.5971,38.95111802,-12.0759,1.5807,0.16
2009-01-01,0.4557,0.6274,0.9373,1.3038,1.6789,2.0378,2.3694,2.6698,2.9389,3.1783,-0.1137,-1.4531,-55.0081,-3.1794,45.04579631,-14.4686,1.6213,0.15
2009-02-01,0.6473,0.8737,1.2222,1.615,2.008,2.3794,2.7199,3.027,3.3011,3.5443,0.0085,-1.9159,-70.9732,-3.6906,54.25693201,-14.7156,1.6701,0.22
2009-03-01,0.667,0.8987,1.2197,1.5793,1.9413,2.2856,2.6029,2.8901,3.1473,3.3759,-0.4475,-3.6579,-60.7779,-4.257,54.02528492,-15.9517,1.6328,0.18
2009-04-01,0.5869,0.8829,1.2278,1.595,1.958,2.3005,2.615,2.899,3.1531,3.3788,-0.578,-3.4117,-63.453,-4.6046,59.54969598,-16.0684,1.6963,0.15
2009-05-01,0.5205,0.8994,1.3364,1.7817,2.2067,2.5982,2.9517,3.2674,3.5474,3.7947,-1.021,-4.6467,-53.7957,-4.7366,54.6443391,-16.4408,1.8571,0.18
2009-06-01,0.5727,1.1535,1.7341,2.2585,2.7173,3.1153,3.4601,3.7592,4.0194,4.2458,-1.2368,-4.3424,-64.2781,-4.9777,53.94725779,-16.479,2.0073,0.21
2009-07-01,0.4932,0.9982,1.5416,2.0503,2.5049,2.9045,3.2537,3.5587,3.8249,4.0574,-1.9782,-6.7086,-48.3465,-5.096,49.08900571,-14.8463,2.042,0.16
2009-08-01,0.5065,1.0894,1.6617,2.1708,2.6111,2.9898,3.3161,3.5981,3.8425,4.0549,-1.495,-4.5526,-41.2389,-5.0285,45.08285863,-12.1371,2.0935,0.16
2009-09-01,0.4117,0.9261,1.4707,1.9687,2.4052,2.7831,3.11,3.3934,3.6394,3.8535,-1.3875,-5.1668,-27.3074,-4.8834,45.7990001,-6.8059,2.0688,0.15
2009-10-01,0.4005,0.9282,1.4566,1.9374,2.3612,2.731,3.053,3.3335,3.578,3.7913,-0.2242,-2.269,-0.0834,-4.6811,42.12879114,-7.5732,1.9562,0.12
2009-11-01,0.3188,0.7817,1.3022,1.7998,2.2502,2.6494,3.0002,3.3077,3.5768,3.8124,1.8965,2.1174,10.6101,-4.1323,36.75568755,-5.8651,2.0234,0.12
2009-12-01,0.3927,0.8514,1.3841,1.8975,2.3633,2.7763,3.1393,3.4572,3.7355,3.9789,2.7753,4.2682,17.1562,-3.8099,29.09992652,-2.6626,1.9064,0.12
2010-01-01,0.3754,0.913,1.4936,2.0308,2.5051,2.918,3.2763,3.5874,3.8579,4.0935,2.5873,4.6334,15.1302,-3.2376,22.13838351,0.9123,2.0911,0.11
2010-02-01,0.3453,0.8259,1.3845,1.919,2.4003,2.8246,3.1958,3.52,3.803,4.0501,2.1285,4.0775,23.3258,-2.7468,15.848304,1.8677,2.0166,0.13
2010-03-01,0.4139,0.926,1.4837,2.0048,2.4687,2.8751,3.2292,3.5378,3.8067,4.0413,2.2604,5.6337,18.5452,-2.0042,12.42338726,4.1479,2.0068,0.16
2010-04-01,0.4641,1.0236,1.6179,2.1542,2.6174,3.0138,3.3535,3.6458,3.8982,4.117,2.1828,5.1029,19.7418,-1.3057,10.09836661,5.3015,2.0631,0.2
2010-05-01,0.4056,0.8062,1.3123,1.8005,2.2383,2.6217,2.9555,3.2458,3.4986,3.7189,1.9837,4.9265,0.3438,-0.6295,2.385284138,7.6463,2.0234,0.2
2010-06-01,0.3677,0.7049,1.1706,1.6332,2.0544,2.4269,2.7533,3.0385,3.2876,3.5051,1.1153,2.729,2.5867,-0.3839,-1.596963447,8.1667,1.8811,0.18
2010-07-01,0.3288,0.5853,0.9835,1.4064,1.8095,2.1777,2.5075,2.8001,3.0586,3.2862,1.3319,4.0005,5.9642,-0.1846,-0.611412615,7.3622,1.7305,0.18
2010-08-01,0.3017,0.4734,0.7812,1.1375,1.4966,1.8369,2.1493,2.4312,2.6832,2.9069,1.1436,3.1695,3.9723,-0.0437,-1.126887222,6.6168,1.7087,0.19
2010-09-01,0.2958,0.4521,0.7535,1.107,1.4649,1.8046,2.1168,2.3988,2.6509,2.8748,1.1121,3.7335,9.4187,0.076,-2.906788405,6.0521,1.5808,0.19
2010-10-01,0.257,0.3279,0.5621,0.883,1.2341,1.5827,1.912,2.2145,2.4881,2.733,1.1599,4.1029,11.0501,0.4289,-5.599426935,5.5508,1.5742,0.19
2010-11-01,0.2982,0.4273,0.6806,1.0136,1.377,1.7387,2.0813,2.3968,2.6824,2.9385,1.0787,3.2315,7.2317,0.533,-0.910897387,5.2288,1.5461,0.19
2010-12-01,0.3184,0.6004,1.0437,1.5116,1.9545,2.3566,2.7153,3.0325,3.3119,3.5575,1.4276,3.8221,15.4198,0.7896,-5.095172505,5.8734,1.6945,0.18
2011-01-01,0.2917,0.5824,1.0464,1.5336,1.9923,2.4069,2.7753,3.1003,3.3861,3.6369,1.6865,3.5689,23.9661,0.8011,-7.112670495,4.605,1.967,0.17
2011-02-01,0.3177,0.7454,1.2854,1.8023,2.2624,2.6633,3.0107,3.3119,3.5736,3.8012,2.1026,5.3149,21.6269,1.037,-8.943848225,3.8317,1.9902,0.16
2011-03-01,0.278,0.6615,1.171,1.6689,2.1177,2.512,2.8558,3.1551,3.4158,3.6431,2.5855,5.3861,24.9244,1.0822,-10.13340758,4.1718,2.0483,0.14
2011-04-01,0.2704,0.6933,1.2221,1.7277,2.178,2.5705,2.911,3.2063,3.463,3.6864,3.0308,6.2825,26.4112,1.1379,-9.35043073,3.4693,2.0992,0.1
2011-05-01,0.2052,0.5099,0.9454,1.3991,1.8284,2.2191,2.5682,2.8776,3.1505,3.3907,3.4005,6.8061,28.4035,0.8073,-6.92863446,2.2381,2.0323,0.09
2011-06-01,0.2087,0.4,0.7476,1.156,1.5714,1.9673,2.3318,2.6614,2.9562,3.2181,3.4424,6.7758,22.9176,1.0936,-3.60145829,2.3094,1.8941,0.09
2011-07-01,0.2208,0.3974,0.7319,1.1356,1.5531,1.9549,2.3273,2.6654,2.9686,3.2385,3.5173,7.0821,19.2923,1.1981,-5.299206138,2.4001,1.989,0.07
2011-08-01,0.1586,0.2152,0.4143,0.7014,1.0247,1.3512,1.6627,1.9511,2.2131,2.4484,3.6862,6.2622,22.8729,1.295,-5.833171731,2.6716,1.7314,0.1
2011-09-01,0.1477,0.2123,0.3839,0.6256,0.897,1.1712,1.4333,1.6763,1.8975,2.0963,3.7417,6.8141,-0.0658,1.5273,-4.424600831,2.3118,1.5583,0.08
2011-10-01,0.1725,0.2888,0.5109,0.7865,1.0772,1.3609,1.6267,1.8698,2.0891,2.2852,3.4617,5.777,1.489,1.472,-6.562297043,3.281,1.5883,0.07
2011-11-01,0.1623,0.2385,0.4173,0.6607,0.93,1.2002,1.4575,1.6954,1.9115,2.1057,3.3932,5.597,-0.3894,1.4781,-12.55212735,3.2004,1.6086,0.08
2011-12-01,0.1652,0.2421,0.415,0.6513,0.9139,1.178,1.43,1.6634,1.8756,2.0664,3.0161,4.6199,-14.3529,1.5667,-9.153282342,2.7494,1.6422,0.07
2012-01-01,0.1577,0.2201,0.3782,0.606,0.8656,1.1303,1.3849,1.6217,1.8379,2.0325,2.9644,4.2245,-12.8969,1.8207,-9.077470173,3.5599,1.6012,0.08
2012-02-01,0.2121,0.2599,0.3965,0.6089,0.8599,1.1206,1.3741,1.6116,1.8292,2.0258,2.857,3.4097,-11.5393,1.8649,-7.565653781,4.3175,1.5459,0.1
2012-03-01,0.241,0.3465,0.5316,0.778,1.0514,1.3269,1.5901,1.834,2.056,2.2557,2.5501,2.7685,-17.8057,1.8618,-7.746783038,2.7392,1.5801,0.13
2012-04-01,0.236,0.2992,0.4497,0.6725,0.9308,1.1968,1.4541,1.6944,1.9141,2.1124,2.2477,1.8206,-21.6363,1.6758,-9.864021489,3.8148,1.6497,0.14
2012-05-01,0.2395,0.2824,0.3971,0.5789,0.7962,1.0236,1.2458,1.4547,1.6467,1.8205,1.723,0.7284,-26.0259,1.6798,-9.01987616,3.8777,1.5553,0.16
2012-06-01,0.2458,0.3033,0.4065,0.5625,0.7479,0.9423,1.1327,1.3122,1.4774,1.6272,1.6403,0.679,-15.5058,1.5583,-9.536747983,3.6019,1.4156,0.16
2012-07-01,0.2302,0.257,0.337,0.4784,0.6556,0.8457,1.0343,1.2134,1.379,1.5295,1.4076,0.4167,-12.1626,1.624,-8.385242097,3.3295,1.4853,0.16
2012-08-01,0.2252,0.2612,0.3659,0.5354,0.7397,0.9545,1.165,1.3633,1.5457,1.7109,1.6719,1.8663,-11.8706,1.6559,-10.25661411,2.2965,1.4804,0.13
2012-09-01,0.2215,0.2356,0.3245,0.4899,0.6985,0.9224,1.1441,1.3542,1.5482,1.7245,1.931,1.9009,5.7545,1.6234,-14.08917745,2.2992,1.5292,0.14
2012-10-01,0.2377,0.2669,0.3623,0.5291,0.7364,0.9577,1.1762,1.383,1.5738,1.747,2.1328,2.2103,-4.6113,1.5829,-11.44415597,1.9149,1.5027,0.16
2012-11-01,0.232,0.2573,0.3449,0.5005,0.6949,0.9031,1.1092,1.3044,1.4848,1.6486,1.7801,1.4411,-2.3235,1.5924,-10.25911702,2.3166,1.518,0.16
2012-12-01,0.2156,0.2504,0.3497,0.5176,0.724,0.9432,1.1592,1.3633,1.5515,1.7222,1.7442,1.3402,-1.1507,1.6211,-6.264108871,2.0625,1.5263,0.16
2013-01-01,0.1986,0.2522,0.3825,0.5833,0.8206,1.0678,1.3084,1.5342,1.7412,1.9284,1.67,1.5393,-1.2288,1.5047,-2.580481952,1.4606,1.4891,0.14
2013-02-01,0.2018,0.2578,0.3973,0.6103,0.8608,1.1207,1.3732,1.6097,1.8265,2.0222,1.998,1.8902,-8.0648,1.5067,-6.972900215,1.6115,1.5382,0.15
2013-03-01,0.1979,0.2481,0.3786,0.5846,0.8305,1.0876,1.3385,1.5741,1.7904,1.986,1.5073,1.2289,-3.1687,1.4438,-8.397686334,2.5421,1.4119,0.14
2013-04-01,0.1812,0.222,0.3277,0.5036,0.7189,0.9473,1.172,1.3842,1.5798,1.7571,1.1324,0.6679,-5.574,1.5187,-7.263701717,1.7035,1.4618,0.15
2013-05-01,0.1668,0.2454,0.3922,0.6032,0.8466,1.0973,1.34,1.5669,1.7746,1.9621,1.3808,1.6453,1.7379,1.5962,-8.2797948,1.5991,1.4138,0.11
2013-06-01,0.173,0.3423,0.6013,0.8972,1.1968,1.4827,1.7468,1.9863,2.2012,2.3926,1.7012,2.1118,-8.4356,1.6731,-7.703353037,1.7755,1.5503,0.09
2013-07-01,0.1446,0.3465,0.6857,1.0526,1.4053,1.7292,2.0203,2.2794,2.5087,2.711,1.8679,1.8538,-13.3458,1.6545,-11.02361271,1.2548,1.6346,0.09
2013-08-01,0.1384,0.3596,0.739,1.143,1.5253,1.8719,2.1807,2.4537,2.6942,2.9055,1.5271,1.1744,-11.2847,1.7014,-10.04633593,2.2355,1.7581,0.08
2013-09-01,0.1355,0.407,0.814,1.2292,1.6129,1.9556,2.258,2.5235,2.7564,2.9603,1.0888,0,-15.5571,1.7005,-7.230002622,2.8396,1.8688,0.08
2013-10-01,0.1562,0.3356,0.6607,1.0266,1.3873,1.7237,2.0295,2.3036,2.5473,2.763,0.873,0.1016,-13.0899,1.7423,-8.50038556,2.4085,1.7247,0.09
2013-11-01,0.1449,0.2891,0.6188,1.006,1.3939,1.7586,2.0913,2.3902,2.6563,2.8919,1.2253,0.9156,-13.9417,1.8234,-10.69815243,2.2536,1.7163,0.08
2013-12-01,0.1462,0.3348,0.7357,1.1749,1.5928,1.9718,2.3089,2.6065,2.8683,3.0981,1.5015,1.5244,-10.0675,1.6833,-16.72462999,2.195,1.7851,0.09
2014-01-01,0.1266,0.3818,0.8173,1.2606,1.6636,2.0178,2.3262,2.5943,2.8277,3.031,1.5458,1.7163,-12.1371,1.6774,-20.08221694,1.8124,1.849,0.07
2014-02-01,0.116,0.3296,0.7318,1.151,1.537,1.879,2.1785,2.44,2.6683,2.8676,1.1142,1.3072,-1.9135,1.5824,-14.38413817,2.091,1.7691,0.07
2014-03-01,0.1158,0.3962,0.8457,1.2804,1.6591,1.981,2.2544,2.4879,2.6884,2.8614,1.5998,2.1647,-2.1713,1.6787,-11.87673509,2.6866,1.7452,0.08
2014-04-01,0.0833,0.4118,0.903,1.3544,1.7307,2.0389,2.2929,2.5048,2.6837,2.836,1.9951,3.2245,3.069,1.7668,-19.23718926,2.8653,1.8749,0.09
2014-05-01,0.0744,0.3777,0.8338,1.2557,1.6095,1.901,2.1425,2.345,2.5165,2.6629,2.1438,2.468,2.4223,1.7554,-16.72647251,3.182,1.8688,0.09
2014-06-01,0.1046,0.4442,0.9162,1.3415,1.6921,1.9771,2.211,2.4055,2.5693,2.7085,2.0381,2.6655,7.8472,1.8641,-21.68659603,3.3259,1.8301,0.1
2014-07-01,0.117,0.5055,0.9836,1.3953,1.7244,1.9858,2.1963,2.3689,2.5128,2.634,1.955,2.7675,1.3833,1.9495,-16.52991992,3.8574,1.8824,0.09
2014-08-01,0.1134,0.4999,0.9649,1.3591,1.6698,1.9132,2.1072,2.265,2.3956,2.505,1.7006,2.2089,-3.0117,1.9015,-16.12836633,3.1169,1.8791,0.09
2014-09-01,0.1262,0.581,1.0841,1.495,1.8096,2.0502,2.2379,2.3879,2.5103,2.6117,1.67,2.1647,-6.8522,1.9864,-19.622432,2.895,1.9131,0.09
2014-10-01,0.1095,0.4723,0.917,1.2952,1.5933,1.8268,2.0128,2.1639,2.2891,2.3939,1.5967,1.6621,-6.1688,1.9976,-21.40702551,3.0251,1.8727,0.09
2014-11-01,0.1468,0.5387,0.9904,1.3656,1.6564,1.8812,2.0583,2.2009,2.3181,2.4158,1.224,1.0076,-9.5146,2.0015,-17.11667972,3.4095,1.8157,0.09
2014-12-01,0.2468,0.6523,1.0845,1.4259,1.6784,1.865,2.0062,2.1162,2.2041,2.2757,0.651,-0.7593,-18.6763,2.1597,-17.69152056,3.193,1.8521,0.12
2015-01-01,0.2113,0.5657,0.9213,1.2028,1.4151,1.5763,1.702,1.8027,1.8852,1.9539,-0.2302,-3.3073,-22.3691,2.1654,-13.82193179,2.7858,1.6944,0.11
2015-02-01,0.2394,0.6359,1.0063,1.2939,1.5098,1.6739,1.802,1.9049,1.9895,2.06,-0.0871,-3.4039,-25.8706,2.2411,-18.52439793,1.373,1.534,0.11
2015-03-01,0.2863,0.66,1.0293,1.3227,1.5457,1.7167,1.851,1.9594,2.0487,2.1233,-0.022,-3.3421,-31.5516,2.1068,-19.80515636,0.0465,1.7035,0.11
2015-04-01,0.25,0.5552,0.8823,1.1581,1.3796,1.5579,1.7039,1.8258,1.9288,2.0168,-0.1041,-4.461,-28.3821,2.0781,-12.64007669,-0.5894,1.7123,0.12
2015-05-01,0.2705,0.6305,1.0032,1.317,1.5702,1.7752,1.9439,2.0849,2.2045,2.3065,0.035,-2.9793,-28.1998,2.1705,-10.97768304,-1.4543,1.7938,0.12
2015-06-01,0.3118,0.6924,1.0992,1.4405,1.7127,1.93,2.1064,2.2523,2.3749,2.4788,0.1794,-2.6655,-27.08,2.0405,-13.72228852,-2.0884,1.824,0.13
2015-07-01,0.303,0.6621,1.0557,1.3896,1.6578,1.8733,2.0491,2.195,2.3179,2.4223,0.2254,-2.7675,-33.1937,2.0729,-16.24944404,-1.6782,1.883,0.13
2015-08-01,0.3851,0.7079,1.0521,1.3426,1.5764,1.7648,1.9192,2.048,2.1569,2.2498,0.241,-3.0756,-33.071,2.0421,-18.3217885,-1.6818,1.8178,0.14
2015-09-01,0.4062,0.7185,1.0346,1.3083,1.5377,1.7301,1.8933,2.033,2.1536,2.258,0.0088,-4.0137,-30.1228,1.9168,-15.8171565,-2.2855,1.8386,0.14
2015-10-01,0.3508,0.6427,0.942,1.2057,1.43,1.6206,1.7837,1.9244,2.0465,2.1526,0.1275,-3.974,-29.7623,1.969,-12.64691493,-2.7585,1.7426,0.12
2015-11-01,0.5729,0.8946,1.2193,1.4925,1.7141,1.8948,2.0446,2.1707,2.2781,2.3702,0.4354,-3.5199,-33.1489,1.9244,-12.77333665,-4.1389,1.8029,0.12
2015-12-01,0.7305,1.0109,1.2975,1.5413,1.7412,1.9057,2.0431,2.1596,2.2595,2.3454,0.6367,-2.8345,-28.3697,1.9172,-9.752669894,-4.6367,1.8127,0.24
2016-01-01,0.6965,0.9328,1.1674,1.3773,1.5603,1.7195,1.8585,1.9802,2.0871,2.1808,1.2299,-1.3018,-26.6845,1.8566,-15.26698784,-3.3304,1.8504,0.34
2016-02-01,0.5959,0.7431,0.9206,1.0967,1.2609,1.4101,1.5444,1.6645,1.7714,1.8661,0.8437,-2.1416,-30.8945,1.8154,-11.0165882,-3.2208,1.7072,0.38
2016-03-01,0.6673,0.8643,1.0683,1.2538,1.417,1.56,1.6853,1.7956,1.8927,1.978,0.8877,-2.2918,-21.8964,1.9263,-6.727469401,-3.6334,1.6489,0.36
2016-04-01,0.5697,0.756,0.9466,1.1247,1.2859,1.4302,1.5589,1.6735,1.7752,1.8651,1.1658,-1.3045,-19.32,1.8621,-5.814961699,-2.7813,1.716,0.37
2016-05-01,0.6206,0.8086,1.0007,1.1762,1.3319,1.4691,1.5903,1.6974,1.7919,1.8753,1.0727,-2.0715,-16.7967,1.655,-14.36408616,-2.5436,1.7489,0.37
2016-06-01,0.5893,0.7245,0.8891,1.0474,1.1907,1.3181,1.4313,1.5316,1.6205,1.6989,1.0735,-1.9558,-14.4844,1.7191,-6.293114788,-1.7576,1.7237,0.38
2016-07-01,0.5547,0.6716,0.8191,0.961,1.0889,1.2024,1.3031,1.3924,1.4715,1.5414,0.8646,-1.8538,-8.5269,1.7634,-6.657315971,-2.27,1.63,0.39
2016-08-01,0.6014,0.7384,0.891,1.0329,1.1592,1.2707,1.3692,1.4566,1.534,1.6024,1.0498,-1.8084,-9.4022,1.7672,-2.637069646,-2.1922,1.6477,0.4
2016-09-01,0.6501,0.7844,0.9408,1.0878,1.2191,1.3351,1.4375,1.5282,1.6085,1.6793,1.5368,-0.1556,-2.8638,1.8773,0.580077289,-1.9981,1.7279,0.4
2016-10-01,0.685,0.8604,1.0298,1.1832,1.3199,1.4414,1.5494,1.6456,1.731,1.8065,1.6719,0.6734,-2.9339,1.7278,-1.411070257,-1.4628,1.7046,0.4
2016-11-01,0.7629,1.0026,1.2585,1.4807,1.6655,1.8193,1.9489,2.0597,2.155,2.2374,1.6703,0.3628,5.8952,1.6514,-5.749670635,-1.1053,1.7583,0.41
2016-12-01,0.8784,1.206,1.5307,1.7976,2.009,2.1777,2.3151,2.4293,2.5256,2.6074,2.0301,1.9157,10.7956,1.6132,-5.004933524,0.0933,1.9537,0.54
2017-01-01,0.8527,1.1962,1.5102,1.7615,1.9586,2.1153,2.243,2.3491,2.4388,2.5151,2.4794,2.9945,12.5989,1.6896,-2.10673575,-0.6629,1.9224,0.65
2017-02-01,0.8624,1.1957,1.5024,1.7496,1.9447,2.1009,2.2288,2.3355,2.426,2.5032,2.7716,4.0357,14.4338,1.685,-4.284190732,-0.4879,1.9224,0.66
2017-03-01,1.0361,1.3139,1.6119,1.8563,2.0461,2.1941,2.312,2.4084,2.4885,2.5559,2.4119,3.774,7.9512,1.5951,-11.82699021,0.8878,1.8865,0.79
2017-04-01,1.052,1.242,1.4727,1.6768,1.8459,1.9855,2.1023,2.2014,2.2863,2.3594,2.1529,3.9645,-1.7787,1.5978,-12.92373791,1.5532,1.8576,0.9
2017-05-01,1.1374,1.2951,1.503,1.6937,1.8559,1.9926,2.1087,2.2083,2.2945,2.3692,1.8393,2.5828,-2.9843,1.7142,-8.905690252,1.8922,1.8405,0.91
2017-06-01,1.2113,1.3383,1.5035,1.6572,1.7904,1.9048,2.0036,2.0896,2.1648,2.2304,1.6273,1.9558,-7.2833,1.6758,-11.93176578,1.6034,1.7302,1.04
2017-07-01,1.2287,1.3715,1.5596,1.7341,1.8845,2.0126,2.1225,2.2176,2.3003,2.3723,1.7104,2.0068,0.1311,1.5497,-10.3167166,1.2655,1.8496,1.15
2017-08-01,1.2152,1.3275,1.4904,1.6477,1.7871,1.9085,2.0144,2.107,2.1883,2.2595,1.9098,2.8779,2.2504,1.5386,-9.451399119,0.916,1.8153,1.16
2017-09-01,1.258,1.3739,1.5298,1.677,1.8059,1.9176,2.0147,2.0995,2.174,2.2391,2.1571,3.2689,-1.039,1.3961,-14.87167925,1.1178,1.8439,1.15
2017-10-01,1.3801,1.5379,1.708,1.8574,1.9833,2.0898,2.181,2.2601,2.329,2.389,2.0006,3.0005,1.5046,1.4216,-15.34254702,2.2691,1.893,1.15
2017-11-01,1.5373,1.6859,1.8279,1.9486,2.0496,2.1353,2.2094,2.2741,2.3309,2.3807,2.1492,4.0553,-0.3473,1.4951,-10.88530809,2.9205,1.925,1.16
2017-12-01,1.6855,1.8437,1.98,2.0878,2.1733,2.243,2.3017,2.3523,2.3963,2.4347,2.1076,3.4278,0.7434,1.4413,-12.579269,2.4201,2.0112,1.3
2018-01-01,1.8138,2.0069,2.16,2.2734,2.358,2.4237,2.4769,2.5215,2.5596,2.5922,2.1285,2.8086,2.4894,1.3849,-14.051879,2.5928,1.9564,1.41
2018-02-01,1.968,2.19,2.371,2.5075,2.6107,2.6914,2.7567,2.8113,2.8577,2.8973,2.2382,2.8002,0.4572,1.5012,-11.44514186,3.3304,2.0733,1.42
2018-03-01,2.0657,2.2676,2.4256,2.5411,2.6263,2.6916,2.744,2.7875,2.8244,2.8559,2.3042,2.8509,2.4559,1.566,-8.87995383,3.1574,1.9702,1.51
2018-04-01,2.1544,2.3794,2.5313,2.6318,2.7002,2.7494,2.7873,2.8179,2.8435,2.865,2.441,2.3448,6.4308,1.5296,-9.306977982,3.2838,1.9844,1.69
2018-05-01,2.2637,2.506,2.6538,2.7489,2.8144,2.8631,2.9019,2.9343,2.9621,2.9859,2.7439,3.8514,9.0952,1.6033,-12.20062265,2.2344,2.0916,1.7
2018-06-01,2.3128,2.5228,2.6434,2.7202,2.774,2.8153,2.8495,2.8791,2.905,2.9276,2.7689,3.8985,5.6574,1.6106,-6.398578581,2.8197,2.0459,1.82
2018-07-01,2.376,2.5903,2.683,2.7334,2.7687,2.7983,2.8254,2.851,2.8748,2.8965,2.8142,4.0435,1.1817,1.522,-10.66188036,3.1844,2.0957,1.91
2018-08-01,2.4267,2.6219,2.6956,2.7339,2.7627,2.7896,2.8163,2.8426,2.8679,2.8913,2.6086,3.5825,-1.0933,1.5984,-14.01291377,4.336,2.1404,1.91
2018-09-01,2.5414,2.7433,2.8169,2.8525,2.878,2.9015,2.9251,2.9486,2.9714,2.9926,2.3053,3.1167,0.8736,1.594,-12.09797065,4.2672,2.1362,1.95
2018-10-01,2.6505,2.8469,2.9214,2.963,2.9974,3.0308,3.0643,3.0971,3.1285,3.1575,2.4615,3.592,-3.5403,1.6038,-7.578561282,2.8709,2.1668,2.19
2018-11-01,2.701,2.8457,2.89,2.9169,2.9459,2.9794,3.0156,3.0525,3.0885,3.1222,2.1246,1.9189,-3.7358,1.5132,-10.23469853,2.6709,2.1542,2.2
2018-12-01,2.6467,2.6622,2.6626,2.6702,2.6869,2.7102,2.7371,2.7656,2.7938,2.8205,1.9826,1.2802,-13.9135,1.5357,-3.732865621,2.4701,2.0913,2.27
2019-01-01,2.5615,2.5259,2.5143,2.5225,2.5434,2.5716,2.6032,2.6359,2.6678,2.6978,1.4766,0.1483,-10.6535,1.6089,-0.215982805,1.9331,1.9583,2.4
2019-02-01,2.5156,2.4851,2.4749,2.4836,2.5049,2.5335,2.5657,2.5989,2.6314,2.6619,1.5074,0.3446,-7.9679,1.3505,-7.001364541,1.0397,1.9707,2.4
2019-03-01,2.4689,2.3962,2.3665,2.3681,2.3889,2.4201,2.4564,2.4943,2.5315,2.5665,1.8657,1.1277,-7.5804,1.3491,-4.261335908,0.57,1.6921,2.41
2019-04-01,2.3968,2.3277,2.3057,2.3147,2.3415,2.3776,2.4178,2.4588,2.4986,2.5358,1.9808,1.9532,-10.6104,1.4554,-8.023625481,-1.0688,1.7474,2.42
2019-05-01,2.3212,2.1936,2.1549,2.1616,2.1911,2.2314,2.276,2.3212,2.3649,2.4055,1.78,1.2677,-15.4822,1.2592,-4.387970954,0.0274,1.8027,2.39
2019-06-01,1.9979,1.8232,1.7825,1.7986,1.839,1.8891,1.9419,1.9941,2.0435,2.089,1.6574,0.6839,-9.2924,1.2515,-8.274787827,-0.6837,1.6371,2.38
2019-07-01,1.9728,1.8382,1.7949,1.7998,1.8294,1.8711,1.9176,1.965,2.0109,2.0538,1.8099,0.7797,-7.8303,1.2742,-2.186771211,-1.2756,1.6761,2.4
2019-08-01,1.7708,1.5807,1.5068,1.4869,1.4935,1.5135,1.54,1.5693,1.5989,1.6272,1.7227,0.3902,-8.3806,1.2522,-3.487668583,-1.2621,1.6591,2.13
2019-09-01,1.8211,1.6666,1.5936,1.5681,1.5697,1.5864,1.6111,1.6395,1.6689,1.6973,1.6705,0.0487,-9.1133,1.3282,-5.413125903,-1.5356,1.5604,2.04
2019-10-01,1.6557,1.5765,1.538,1.5316,1.5456,1.5716,1.6037,1.6382,1.6727,1.7056,1.7191,-0.0967,-4.8691,1.2845,-5.62969365,-2.2746,1.642,1.83
2019-11-01,1.6451,1.6311,1.6258,1.6364,1.6591,1.6893,1.7233,1.7583,1.7926,1.8249,2.0707,1.0182,-6.829,1.3569,-4.123090886,-1.7975,1.6794,1.55
2019-12-01,1.6419,1.635,1.6434,1.666,1.6979,1.7348,1.7737,1.8125,1.8496,1.8842,2.293,1.986,5.2952,1.3183,-8.762341131,-2.0504,1.7145,1.55
2020-01-01,1.5767,1.5315,1.5229,1.5399,1.5722,1.6123,1.6557,1.6993,1.7413,1.7805,2.4812,2.6798,-7.5733,1.3128,-10.28754036,-1.95,1.7347,1.55
2020-02-01,1.4493,1.346,1.3093,1.3102,1.3319,1.3643,1.4016,1.4404,1.4784,1.5142,2.3128,1.3181,-13.6861,1.4829,-6.863206864,-1.1701,1.619,1.58
2020-03-01,0.505,0.5235,0.569,0.6242,0.6819,0.7389,0.7936,0.8451,0.8928,0.9361,1.5117,-1.5725,-27.0689,0.4011,15.04584247,-5.1498,1.2698,0.65
2020-04-01,0.2118,0.2469,0.2973,0.3576,0.4222,0.4873,0.5503,0.6101,0.6655,0.716,0.3493,-5.3127,-27.9968,-14.3873,135.4161371,-18.9493,1.1583,0.05
2020-05-01,0.1707,0.1834,0.2308,0.2957,0.3676,0.4407,0.5117,0.5788,0.6408,0.6973,0.216,-3.0499,-20.1315,-12.4243,126.1302648,-17.5039,1.1623,0.05
2020-06-01,0.1993,0.1935,0.2314,0.2953,0.3715,0.4515,0.5305,0.6057,0.6757,0.7395,0.6993,-2.2152,-20.3659,-9.1496,109.032191,-11.2737,1.2319,0.08
2020-07-01,0.1617,0.149,0.1791,0.2335,0.2996,0.3696,0.4391,0.5056,0.5677,0.6245,1.0136,-1.9608,-13.9571,-8.0644,99.48576007,-7.1176,1.3469,0.09
2020-08-01,0.1478,0.1386,0.1673,0.2224,0.2914,0.3658,0.4404,0.5121,0.5793,0.6408,1.2922,-1.5208,-4.9097,-7.115,81.99909962,-6.9364,1.341,0.1
2020-09-01,0.1433,0.1325,0.1599,0.2167,0.29,0.3699,0.4504,0.5279,0.6006,0.6672,1.3637,-1.1261,-9.3293,-6.5089,78.18301997,-6.7444,1.351,0.09
2020-10-01,0.1405,0.1435,0.1897,0.2646,0.3534,0.4464,0.538,0.6249,0.7055,0.779,1.196,-1.2169,-9.7948,-6.1015,62.89606102,-5.2256,1.3375,0.09
2020-11-01,0.1364,0.1579,0.2223,0.3123,0.4133,0.5162,0.6157,0.7093,0.7954,0.8735,1.1628,-1.311,-3.6309,-6.0509,60.1944097,-5.3193,1.3766,0.09
2020-12-01,0.1158,0.1223,0.1893,0.2902,0.4056,0.5235,0.6376,0.7447,0.8431,0.9322,1.2965,-0.8187,-3.565,-6.3043,60.99958246,-3.9118,1.4172,0.09
2021-01-01,0.1088,0.1172,0.2001,0.3228,0.4613,0.6017,0.7367,0.8625,0.9778,1.0818,1.3855,0.4318,6.7934,-6.1919,55.69222825,-2.5913,1.3794,0.09
2021-02-01,0.0852,0.1104,0.2261,0.3839,0.5553,0.7251,0.8859,1.0343,1.169,1.2901,1.6591,2.4906,18.3517,-5.9974,55.62437774,-6.3558,1.4276,0.08
2021-03-01,0.0725,0.1456,0.355,0.5965,0.8327,1.0512,1.2486,1.4251,1.5818,1.7204,2.5849,5.6333,29.9345,-4.489,30.0294666,0.4779,1.4974,0.07
2021-04-01,0.065,0.1565,0.3817,0.6316,0.8703,1.0876,1.2819,1.4542,1.6066,1.7408,4.065,9.0617,39.4607,10.3155,-85.69152021,14.9999,1.5831,0.07
2021-05-01,0.0585,0.1427,0.3523,0.5929,0.8293,1.0488,1.2478,1.4261,1.5848,1.7253,4.8089,7.9658,37.9122,8.6387,-81.67033096,14.2606,1.5784,0.06
2021-06-01,0.0785,0.195,0.4077,0.6334,0.8455,1.0373,1.2084,1.3601,1.4942,1.6124,5.1787,8.9456,37.5015,5.7636,-61.49619695,8.3232,1.5963,0.08
2021-07-01,0.0829,0.216,0.409,0.6005,0.7745,0.9287,1.0648,1.1848,1.2906,1.3837,5.124,9.0908,33.7803,5.2606,-62.53955973,5.2372,1.6248,0.1
2021-08-01,0.0762,0.2229,0.4225,0.6118,0.7777,0.9211,1.0454,1.1536,1.2482,1.3309,5.0458,9.923,26.9436,4.4813,-48.77328408,4.3243,1.5802,0.09
2021-09-01,0.0767,0.242,0.4736,0.686,0.8652,1.0147,1.1406,1.2478,1.3401,1.4198,5.2222,11.1965,35.2135,4.0665,-49.56702307,3.3014,1.6428,0.08
2021-10-01,0.128,0.3883,0.6764,0.9176,1.1085,1.2598,1.3823,1.4837,1.5689,1.6413,6.0333,11.9853,36.3705,4.1736,-41.88120473,3.9401,1.6127,0.08
2021-11-01,0.1984,0.5321,0.8319,1.057,1.2207,1.3416,1.434,1.507,1.5664,1.6155,6.6373,12.8109,25.3303,4.4096,-46.44371477,4.3841,1.7585,0.08
2021-12-01,0.3516,0.7079,0.9548,1.1227,1.2399,1.3257,1.3918,1.445,1.489,1.5259,6.9308,12.2256,23.9425,4.9586,-53.56072055,2.9275,1.759,0.08
2022-01-01,0.5864,0.988,1.2502,1.4248,1.5462,1.6354,1.7046,1.7604,1.8069,1.846,7.2969,12.3289,29.7607,4.8472,-44.26831203,2.2414,1.7966,0.08
2022-02-01,1.0362,1.4612,1.6579,1.7621,1.8267,1.8729,1.9099,1.9415,1.9691,1.9933,7.6488,13.0069,29.5116,5.0521,-46.45740407,6.3987,1.9211,0.08
2022-03-01,1.41,1.943,2.095,2.1311,2.1361,2.1361,2.1381,2.1429,2.1498,2.1576,8.2017,14.0775,39.9408,4.8013,-48.50327899,4.3303,1.9472,0.2
2022-04-01,1.9345,2.5531,2.7392,2.7871,2.7939,2.7911,2.7882,2.7875,2.7886,2.7909,7.929,14.3057,35.9735,4.76,-48.50742806,4.4832,2.2113,0.33
2022-05-01,2.0797,2.6169,2.7914,2.851,2.876,2.8922,2.907,2.9222,2.9376,2.9522,8.1884,15.3342,34.7094,4.637,-43.85468654,3.5919,2.3704,0.77
2022-06-01,2.662,3.0393,3.1536,3.1856,3.1939,3.1973,3.2012,3.2068,3.2134,3.2203,8.6084,16.5214,21.355,4.3781,-46.71377283,3.1425,2.4013,1.21
2022-07-01,2.9948,3.0675,3.0274,2.9816,2.9514,2.9369,2.934,2.9385,2.9474,2.9582,8.1117,14.0534,23.5389,4.1881,-41.64142272,2.9617,2.2226,1.68
2022-08-01,3.2059,3.264,3.1925,3.1078,3.0384,2.9874,2.9516,2.927,2.9101,2.8983,7.8985,11.9483,23.6874,4.0304,-32.58865711,3.0578,2.0996,2.33
2022-09-01,3.8407,3.8869,3.8236,3.747,3.6816,3.6311,3.5935,3.5658,3.5453,3.5295,7.8795,10.9172,10.1201,3.8711,-28.58123848,4.4105,2.366,2.56
2022-10-01,4.4025,4.4279,4.3356,4.2404,4.1663,4.1135,4.0774,4.0532,4.0371,4.026,7.4662,10.5721,9.2312,3.5254,-19.67823205,3.0505,2.3708,3.08
2022-11-01,4.6742,4.4864,4.2873,4.14,4.0429,3.9827,3.9473,3.928,3.9187,3.9151,6.8775,10.0389,19.1808,3.2691,-12.26216947,1.8345,2.4547,3.78
2022-12-01,4.5946,4.286,4.0407,3.8711,3.7601,3.6893,3.645,3.618,3.6018,3.5923,6.2143,8.4561,12.8833,2.9786,-10.12277333,0.5918,2.2194,4.1
2023-01-01,4.6301,4.2197,3.9249,3.7369,3.6242,3.5603,3.5271,3.5125,3.509,3.5117,6.1679,8.5724,3.5853,3.1231,-13.55184013,1.4984,2.2856,4.33
2023-02-01,4.897,4.5285,4.229,4.026,3.8976,3.8196,3.774,3.749,3.7366,3.7315,5.7944,6.0442,-7.6092,2.7354,-5.180473688,0.872,2.1057,4.57
2023-03-01,4.6816,4.3278,4.0705,3.905,3.8044,3.7461,3.7145,3.6994,3.6943,3.6947,4.8172,3.02,-16.4807,2.5026,-2.141915092,0.1767,2.2586,4.65
2023-04-01,4.5641,4.0427,3.7503,3.5906,3.5073,3.4683,3.455,3.4563,3.4657,3.4788,4.8229,2.522,-21.6167,2.502,-5.431584349,0.3456,2.1035,4.83
2023-05-01,4.7827,4.1699,3.8327,3.6575,3.5752,3.5455,3.5454,3.5612,3.585,3.6119,4.0381,-0.6777,-29.3205,2.5083,2.499509417,0.143,2.1628,5.06
2023-06-01,5.1527,4.638,4.274,4.0419,3.9011,3.8188,3.7733,3.7503,3.7408,3.739,3.0076,-2.9763,-14.2739,2.3862,0.217010351,-0.3767,1.7549,5.08
2023-07-01,5.2646,4.8204,4.4721,4.2373,4.0877,3.9951,3.9392,3.9065,3.8883,3.8786,3.2194,-0.9007,-12.6604,2.0521,2.070750812,0.0554,2.064,5.12
2023-08-01,5.2745,4.8723,4.5694,4.3734,4.2557,4.1892,4.1549,4.1403,4.1372,4.1405,3.6512,1.9385,-13.7364,2.0278,5.795665404,-0.1166,2.1388,5.33
2023-09-01,5.3408,4.9843,4.708,4.5334,4.4346,4.3849,4.3656,4.3642,4.3728,4.3863,3.6275,2.2445,-6.1496,2.0187,9.791321815,-0.2233,2.2222,5.33
2023-10-01,5.3336,5.0361,4.8504,4.7581,4.7266,4.7313,4.7558,4.7902,4.8284,4.8668,3.1942,-0.4167,-8.021,1.8892,7.96030506,-0.8363,2.3627,5.33
2023-11-01,5.2001,4.8335,4.6083,4.492,4.4452,4.4395,4.4567,4.4858,4.5201,4.5554,3.0912,-0.9829,-13.0969,1.8376,5.010050808,-0.073,2.3841,5.33
2023-12-01,4.8759,4.4067,4.1549,4.0296,3.9762,3.9632,3.9725,3.9936,4.0201,4.0481,3.2691,0.2996,-13.4125,1.934,9.534208842,1.1825,2.2784,5.33
2024-01-01,4.7159,4.2647,4.0559,3.9678,3.9415,3.9473,3.9696,3.9997,4.0326,4.0653,3.0587,-0.9652,-12.6045,1.7847,6.842151286,-0.3152,2.1645,5.33
2024-02-01,4.8745,4.4977,4.2963,4.1972,4.1565,4.1488,4.1593,4.1793,4.2037,4.229,3.1167,1.0455,-9.3337,1.7706,7.991367708,-0.2302,2.1462,5.33
2024-03-01,4.9356,4.5597,4.3395,4.2211,4.1645,4.1445,4.1454,4.158,4.1764,4.1969,3.4161,1.9247,-5.8732,1.8683,9.16460346,-0.3199,2.2188,5.33
